File,DTCreated
common/sketch/src/test/scala/org/apache/spark/util/sketch/BloomFilterSuite.scala,
common/sketch/src/test/scala/org/apache/spark/util/sketch/CountMinSketchSuite.scala,
core/src/test/scala/org/apache/spark/AccumulatorSuite.scala,
core/src/test/scala/org/apache/spark/BarrierStageOnSubmittedSuite.scala,279 days 05:53:00
core/src/test/scala/org/apache/spark/CheckpointSuite.scala,
core/src/test/scala/org/apache/spark/ContextCleanerSuite.scala,
core/src/test/scala/org/apache/spark/DebugFilesystem.scala,
core/src/test/scala/org/apache/spark/DistributedSuite.scala,122 days 16:31:00
core/src/test/scala/org/apache/spark/DriverSuite.scala,
core/src/test/scala/org/apache/spark/ExecutorAllocationManagerSuite.scala,
core/src/test/scala/org/apache/spark/ExternalShuffleServiceSuite.scala,
core/src/test/scala/org/apache/spark/FailureSuite.scala,
core/src/test/scala/org/apache/spark/FileSuite.scala,
core/src/test/scala/org/apache/spark/HeartbeatReceiverSuite.scala,
core/src/test/scala/org/apache/spark/ImplicitOrderingSuite.scala,
core/src/test/scala/org/apache/spark/InternalAccumulatorSuite.scala,
core/src/test/scala/org/apache/spark/JobCancellationSuite.scala,
core/src/test/scala/org/apache/spark/JsonTestUtils.scala,
core/src/test/scala/org/apache/spark/LocalSparkContext.scala,
core/src/test/scala/org/apache/spark/MapOutputTrackerSuite.scala,
core/src/test/scala/org/apache/spark/PartitioningSuite.scala,
core/src/test/scala/org/apache/spark/SSLOptionsSuite.scala,
core/src/test/scala/org/apache/spark/SecurityManagerSuite.scala,
core/src/test/scala/org/apache/spark/SharedSparkContext.scala,
core/src/test/scala/org/apache/spark/ShuffleNettySuite.scala,
core/src/test/scala/org/apache/spark/ShuffleSuite.scala,
core/src/test/scala/org/apache/spark/Smuggle.scala,
core/src/test/scala/org/apache/spark/SortShuffleSuite.scala,
core/src/test/scala/org/apache/spark/SparkConfSuite.scala,70 days 13:52:00
core/src/test/scala/org/apache/spark/SparkContextInfoSuite.scala,
core/src/test/scala/org/apache/spark/SparkContextSchedulerCreationSuite.scala,
core/src/test/scala/org/apache/spark/SparkContextSuite.scala,70 days 16:48:00
core/src/test/scala/org/apache/spark/ThreadAudit.scala,
core/src/test/scala/org/apache/spark/ThreadingSuite.scala,
core/src/test/scala/org/apache/spark/api/python/PythonBroadcastSuite.scala,
core/src/test/scala/org/apache/spark/api/python/PythonRDDSuite.scala,
core/src/test/scala/org/apache/spark/benchmark/BenchmarkBase.scala,
core/src/test/scala/org/apache/spark/broadcast/BroadcastSuite.scala,
core/src/test/scala/org/apache/spark/deploy/DeployTestUtils.scala,
core/src/test/scala/org/apache/spark/deploy/ExternalShuffleServiceDbSuite.scala,
core/src/test/scala/org/apache/spark/deploy/ExternalShuffleServiceMetricsSuite.scala,
core/src/test/scala/org/apache/spark/deploy/IvyTestUtils.scala,
core/src/test/scala/org/apache/spark/deploy/JsonProtocolSuite.scala,
core/src/test/scala/org/apache/spark/deploy/LogUrlsStandaloneSuite.scala,
core/src/test/scala/org/apache/spark/deploy/RPackageUtilsSuite.scala,
core/src/test/scala/org/apache/spark/deploy/SparkSubmitSuite.scala,149 days 10:51:00
core/src/test/scala/org/apache/spark/deploy/SparkSubmitUtilsSuite.scala,
core/src/test/scala/org/apache/spark/deploy/StandaloneDynamicAllocationSuite.scala,
core/src/test/scala/org/apache/spark/deploy/client/AppClientSuite.scala,
core/src/test/scala/org/apache/spark/deploy/client/TestExecutor.scala,
core/src/test/scala/org/apache/spark/deploy/history/ApplicationCacheSuite.scala,
core/src/test/scala/org/apache/spark/deploy/history/EventLogFileCompactorSuite.scala,
core/src/test/scala/org/apache/spark/deploy/history/EventLogFileReadersSuite.scala,
core/src/test/scala/org/apache/spark/deploy/history/EventLogFileWritersSuite.scala,
core/src/test/scala/org/apache/spark/deploy/history/EventLogTestHelper.scala,
core/src/test/scala/org/apache/spark/deploy/history/FsHistoryProviderSuite.scala,7 days 09:05:00
core/src/test/scala/org/apache/spark/deploy/history/HistoryServerDiskManagerSuite.scala,233 days 13:54:00
core/src/test/scala/org/apache/spark/deploy/history/HistoryServerSuite.scala,
core/src/test/scala/org/apache/spark/deploy/master/CustomRecoveryModeFactory.scala,
core/src/test/scala/org/apache/spark/deploy/master/MasterSuite.scala,56 days 13:36:00
core/src/test/scala/org/apache/spark/deploy/master/PersistenceEngineSuite.scala,
core/src/test/scala/org/apache/spark/deploy/master/ui/MasterWebUISuite.scala,
core/src/test/scala/org/apache/spark/deploy/rest/StandaloneRestSubmitSuite.scala,
core/src/test/scala/org/apache/spark/deploy/rest/SubmitRestProtocolSuite.scala,
core/src/test/scala/org/apache/spark/deploy/security/HadoopDelegationTokenManagerSuite.scala,187 days 16:04:00
core/src/test/scala/org/apache/spark/deploy/worker/DriverRunnerTest.scala,
core/src/test/scala/org/apache/spark/deploy/worker/WorkerSuite.scala,
core/src/test/scala/org/apache/spark/deploy/worker/ui/LogPageSuite.scala,
core/src/test/scala/org/apache/spark/executor/CoarseGrainedExecutorBackendSuite.scala,
core/src/test/scala/org/apache/spark/executor/ExecutorSuite.scala,250 days 20:59:00
core/src/test/scala/org/apache/spark/executor/TaskMetricsSuite.scala,
core/src/test/scala/org/apache/spark/input/WholeTextFileInputFormatSuite.scala,
core/src/test/scala/org/apache/spark/input/WholeTextFileRecordReaderSuite.scala,
core/src/test/scala/org/apache/spark/internal/config/ConfigEntrySuite.scala,
core/src/test/scala/org/apache/spark/internal/plugin/PluginContainerSuite.scala,122 days 16:31:00
core/src/test/scala/org/apache/spark/io/ChunkedByteBufferFileRegionSuite.scala,
core/src/test/scala/org/apache/spark/io/CompressionCodecSuite.scala,
core/src/test/scala/org/apache/spark/launcher/LauncherBackendSuite.scala,
core/src/test/scala/org/apache/spark/memory/MemoryManagerSuite.scala,
core/src/test/scala/org/apache/spark/memory/MemoryTestingUtils.scala,
core/src/test/scala/org/apache/spark/memory/TestMemoryManager.scala,
core/src/test/scala/org/apache/spark/memory/UnifiedMemoryManagerSuite.scala,
core/src/test/scala/org/apache/spark/metrics/InputOutputMetricsSuite.scala,
core/src/test/scala/org/apache/spark/metrics/MetricsConfigSuite.scala,
core/src/test/scala/org/apache/spark/metrics/sink/StatsdSinkSuite.scala,
core/src/test/scala/org/apache/spark/network/netty/NettyBlockTransferSecuritySuite.scala,
core/src/test/scala/org/apache/spark/network/netty/NettyBlockTransferServiceSuite.scala,
core/src/test/scala/org/apache/spark/rdd/AsyncRDDActionsSuite.scala,
core/src/test/scala/org/apache/spark/rdd/CoalescedRDDBenchmark.scala,
core/src/test/scala/org/apache/spark/rdd/LocalCheckpointSuite.scala,
core/src/test/scala/org/apache/spark/rdd/PairRDDFunctionsSuite.scala,
core/src/test/scala/org/apache/spark/rdd/PartitionPruningRDDSuite.scala,
core/src/test/scala/org/apache/spark/rdd/PartitionwiseSampledRDDSuite.scala,
core/src/test/scala/org/apache/spark/rdd/PipedRDDSuite.scala,
core/src/test/scala/org/apache/spark/rdd/RDDOperationScopeSuite.scala,
core/src/test/scala/org/apache/spark/rdd/RDDSuite.scala,
core/src/test/scala/org/apache/spark/rdd/RDDSuiteUtils.scala,
core/src/test/scala/org/apache/spark/rdd/ZippedPartitionsSuite.scala,
core/src/test/scala/org/apache/spark/resource/ResourceDiscoveryPluginSuite.scala,122 days 16:31:00
core/src/test/scala/org/apache/spark/resource/ResourceProfileSuite.scala,
core/src/test/scala/org/apache/spark/rpc/RpcEnvSuite.scala,171 days 14:09:00
core/src/test/scala/org/apache/spark/rpc/netty/InboxSuite.scala,306 days 04:20:00
core/src/test/scala/org/apache/spark/rpc/netty/NettyRpcEnvSuite.scala,
core/src/test/scala/org/apache/spark/scheduler/AdaptiveSchedulingSuite.scala,
core/src/test/scala/org/apache/spark/scheduler/BarrierTaskContextSuite.scala,190 days 09:34:00
core/src/test/scala/org/apache/spark/scheduler/BlacklistIntegrationSuite.scala,
core/src/test/scala/org/apache/spark/scheduler/BlacklistTrackerSuite.scala,
core/src/test/scala/org/apache/spark/scheduler/CoarseGrainedSchedulerBackendSuite.scala,70 days 16:48:00
core/src/test/scala/org/apache/spark/scheduler/CustomShuffledRDD.scala,
core/src/test/scala/org/apache/spark/scheduler/DAGSchedulerSuite.scala,128 days 13:17:00
core/src/test/scala/org/apache/spark/scheduler/EventLoggingListenerSuite.scala,203 days 21:11:00
core/src/test/scala/org/apache/spark/scheduler/ExternalClusterManagerSuite.scala,
core/src/test/scala/org/apache/spark/scheduler/FakeTask.scala,
core/src/test/scala/org/apache/spark/scheduler/MapStatusSuite.scala,
core/src/test/scala/org/apache/spark/scheduler/NotSerializableFakeTask.scala,
core/src/test/scala/org/apache/spark/scheduler/OutputCommitCoordinatorIntegrationSuite.scala,
core/src/test/scala/org/apache/spark/scheduler/OutputCommitCoordinatorSuite.scala,
core/src/test/scala/org/apache/spark/scheduler/PoolSuite.scala,
core/src/test/scala/org/apache/spark/scheduler/ReplayListenerSuite.scala,
core/src/test/scala/org/apache/spark/scheduler/SchedulerIntegrationSuite.scala,
core/src/test/scala/org/apache/spark/scheduler/SparkListenerSuite.scala,
core/src/test/scala/org/apache/spark/scheduler/SparkListenerWithClusterSuite.scala,
core/src/test/scala/org/apache/spark/scheduler/TaskContextSuite.scala,
core/src/test/scala/org/apache/spark/scheduler/TaskDescriptionSuite.scala,
core/src/test/scala/org/apache/spark/scheduler/TaskResultGetterSuite.scala,
core/src/test/scala/org/apache/spark/scheduler/TaskSchedulerImplSuite.scala,
core/src/test/scala/org/apache/spark/scheduler/TaskSetBlacklistSuite.scala,
core/src/test/scala/org/apache/spark/scheduler/TaskSetManagerSuite.scala,66 days 18:49:00
core/src/test/scala/org/apache/spark/scheduler/dynalloc/ExecutorMonitorSuite.scala,
core/src/test/scala/org/apache/spark/security/CryptoStreamUtilsSuite.scala,
core/src/test/scala/org/apache/spark/security/EncryptionFunSuite.scala,
core/src/test/scala/org/apache/spark/serializer/KryoBenchmark.scala,257 days 11:26:00
core/src/test/scala/org/apache/spark/serializer/KryoSerializerBenchmark.scala,257 days 11:26:00
core/src/test/scala/org/apache/spark/serializer/KryoSerializerDistributedSuite.scala,257 days 11:26:00
core/src/test/scala/org/apache/spark/serializer/KryoSerializerSuite.scala,257 days 11:26:00
core/src/test/scala/org/apache/spark/serializer/ProactiveClosureSerializationSuite.scala,
core/src/test/scala/org/apache/spark/serializer/SerializationDebuggerSuite.scala,
core/src/test/scala/org/apache/spark/serializer/SerializerPropertiesSuite.scala,257 days 11:26:00
core/src/test/scala/org/apache/spark/serializer/TestSerializer.scala,
core/src/test/scala/org/apache/spark/serializer/UnsafeKryoSerializerSuite.scala,
core/src/test/scala/org/apache/spark/shuffle/BlockStoreShuffleReaderSuite.scala,
core/src/test/scala/org/apache/spark/shuffle/sort/BypassMergeSortShuffleWriterSuite.scala,
core/src/test/scala/org/apache/spark/shuffle/sort/IndexShuffleBlockResolverSuite.scala,
core/src/test/scala/org/apache/spark/shuffle/sort/ShuffleExternalSorterSuite.scala,
core/src/test/scala/org/apache/spark/shuffle/sort/SortShuffleManagerSuite.scala,
core/src/test/scala/org/apache/spark/shuffle/sort/SortShuffleWriterSuite.scala,
core/src/test/scala/org/apache/spark/shuffle/sort/io/LocalDiskShuffleMapOutputWriterSuite.scala,
core/src/test/scala/org/apache/spark/status/AppStatusListenerSuite.scala,0 days 10:29:00
core/src/test/scala/org/apache/spark/status/AppStatusStoreSuite.scala,
core/src/test/scala/org/apache/spark/status/ListenerEventsTestHelper.scala,
core/src/test/scala/org/apache/spark/status/LiveEntitySuite.scala,
core/src/test/scala/org/apache/spark/storage/BlockIdSuite.scala,
core/src/test/scala/org/apache/spark/storage/BlockInfoManagerSuite.scala,
core/src/test/scala/org/apache/spark/storage/BlockManagerInfoSuite.scala,
core/src/test/scala/org/apache/spark/storage/BlockManagerReplicationSuite.scala,
core/src/test/scala/org/apache/spark/storage/BlockManagerSuite.scala,287 days 11:59:00
core/src/test/scala/org/apache/spark/storage/BlockReplicationPolicySuite.scala,
core/src/test/scala/org/apache/spark/storage/DiskBlockManagerSuite.scala,154 days 09:09:00
core/src/test/scala/org/apache/spark/storage/DiskBlockObjectWriterSuite.scala,
core/src/test/scala/org/apache/spark/storage/DiskStoreSuite.scala,
core/src/test/scala/org/apache/spark/storage/LocalDirsSuite.scala,
core/src/test/scala/org/apache/spark/storage/MemoryStoreSuite.scala,287 days 11:59:00
core/src/test/scala/org/apache/spark/storage/PartiallySerializedBlockSuite.scala,
core/src/test/scala/org/apache/spark/storage/ShuffleBlockFetcherIteratorSuite.scala,127 days 07:17:00
core/src/test/scala/org/apache/spark/storage/StorageSuite.scala,
core/src/test/scala/org/apache/spark/storage/TopologyMapperSuite.scala,
core/src/test/scala/org/apache/spark/ui/HttpSecurityFilterSuite.scala,
core/src/test/scala/org/apache/spark/ui/PagedTableSuite.scala,168 days 18:17:00
core/src/test/scala/org/apache/spark/ui/RealBrowserUISeleniumSuite.scala,216 days 04:12:00
core/src/test/scala/org/apache/spark/ui/StagePageSuite.scala,
core/src/test/scala/org/apache/spark/ui/UISeleniumSuite.scala,164 days 22:57:00
core/src/test/scala/org/apache/spark/ui/UISuite.scala,398 days 14:57:00
core/src/test/scala/org/apache/spark/ui/UIUtilsSuite.scala,
core/src/test/scala/org/apache/spark/util/ClosureCleanerSuite.scala,
core/src/test/scala/org/apache/spark/util/ClosureCleanerSuite2.scala,
core/src/test/scala/org/apache/spark/util/EventLoopSuite.scala,
core/src/test/scala/org/apache/spark/util/FileAppenderSuite.scala,
core/src/test/scala/org/apache/spark/util/NextIteratorSuite.scala,
core/src/test/scala/org/apache/spark/util/PeriodicRDDCheckpointerSuite.scala,
core/src/test/scala/org/apache/spark/util/PropertiesCloneBenchmark.scala,27 days 19:48:00
core/src/test/scala/org/apache/spark/util/ResetSystemProperties.scala,
core/src/test/scala/org/apache/spark/util/SizeEstimatorSuite.scala,287 days 11:59:00
core/src/test/scala/org/apache/spark/util/SparkConfWithEnv.scala,
core/src/test/scala/org/apache/spark/util/ThreadUtilsSuite.scala,
core/src/test/scala/org/apache/spark/util/TimeStampedHashMapSuite.scala,
core/src/test/scala/org/apache/spark/util/UninterruptibleThreadSuite.scala,
core/src/test/scala/org/apache/spark/util/UtilsSuite.scala,121 days 09:34:00
core/src/test/scala/org/apache/spark/util/collection/ExternalAppendOnlyMapSuite.scala,
core/src/test/scala/org/apache/spark/util/collection/ExternalSorterSuite.scala,
core/src/test/scala/org/apache/spark/util/collection/FixedHashObject.scala,
core/src/test/scala/org/apache/spark/util/collection/SizeTrackerSuite.scala,
core/src/test/scala/org/apache/spark/util/collection/unsafe/sort/RadixSortSuite.scala,
core/src/test/scala/org/apache/spark/util/logging/DriverLoggerSuite.scala,
core/src/test/scala/org/apache/spark/util/random/RandomSamplerSuite.scala,
core/src/test/scala/org/apache/spark/util/random/XORShiftRandomBenchmark.scala,
core/src/test/scala/org/apache/sparktest/ImplicitSuite.scala,
external/avro/src/test/scala/org/apache/spark/sql/avro/AvroCatalystDataConversionSuite.scala,
external/avro/src/test/scala/org/apache/spark/sql/avro/AvroFunctionsSuite.scala,
external/avro/src/test/scala/org/apache/spark/sql/avro/AvroLogicalTypeSuite.scala,
external/avro/src/test/scala/org/apache/spark/sql/avro/AvroSuite.scala,77 days 10:15:00
external/avro/src/test/scala/org/apache/spark/sql/execution/benchmark/AvroReadBenchmark.scala,
external/avro/src/test/scala/org/apache/spark/sql/execution/benchmark/AvroWriteBenchmark.scala,
external/docker-integration-tests/src/test/scala/org/apache/spark/sql/jdbc/DockerJDBCIntegrationSuite.scala,451 days 08:58:00
external/docker-integration-tests/src/test/scala/org/apache/spark/sql/jdbc/MsSqlServerIntegrationSuite.scala,414 days 17:40:00
external/docker-integration-tests/src/test/scala/org/apache/spark/sql/jdbc/MySQLIntegrationSuite.scala,
external/docker-integration-tests/src/test/scala/org/apache/spark/sql/jdbc/OracleIntegrationSuite.scala,451 days 08:58:00
external/docker-integration-tests/src/test/scala/org/apache/spark/sql/jdbc/PostgresIntegrationSuite.scala,286 days 01:50:00
external/kafka-0-10-sql/src/test/scala/org/apache/spark/sql/kafka010/KafkaContinuousSourceSuite.scala,
external/kafka-0-10-sql/src/test/scala/org/apache/spark/sql/kafka010/KafkaContinuousTest.scala,
external/kafka-0-10-sql/src/test/scala/org/apache/spark/sql/kafka010/KafkaDelegationTokenSuite.scala,80 days 07:42:00
external/kafka-0-10-sql/src/test/scala/org/apache/spark/sql/kafka010/KafkaDontFailOnDataLossSuite.scala,
external/kafka-0-10-sql/src/test/scala/org/apache/spark/sql/kafka010/KafkaMicroBatchSourceSuite.scala,
external/kafka-0-10-sql/src/test/scala/org/apache/spark/sql/kafka010/KafkaOffsetRangeCalculatorSuite.scala,
external/kafka-0-10-sql/src/test/scala/org/apache/spark/sql/kafka010/KafkaRelationSuite.scala,
external/kafka-0-10-sql/src/test/scala/org/apache/spark/sql/kafka010/KafkaSinkSuite.scala,149 days 19:39:00
external/kafka-0-10-sql/src/test/scala/org/apache/spark/sql/kafka010/KafkaSourceOffsetSuite.scala,
external/kafka-0-10-sql/src/test/scala/org/apache/spark/sql/kafka010/KafkaSourceProviderSuite.scala,
external/kafka-0-10-sql/src/test/scala/org/apache/spark/sql/kafka010/KafkaTest.scala,
external/kafka-0-10-sql/src/test/scala/org/apache/spark/sql/kafka010/KafkaTestUtils.scala,80 days 07:42:00
external/kafka-0-10-sql/src/test/scala/org/apache/spark/sql/kafka010/consumer/FetchedDataPoolSuite.scala,
external/kafka-0-10-token-provider/src/test/scala/org/apache/spark/kafka010/KafkaConfigUpdaterSuite.scala,
external/kafka-0-10-token-provider/src/test/scala/org/apache/spark/kafka010/KafkaDelegationTokenTest.scala,
external/kafka-0-10-token-provider/src/test/scala/org/apache/spark/kafka010/KafkaTokenSparkConfSuite.scala,
external/kafka-0-10-token-provider/src/test/scala/org/apache/spark/kafka010/KafkaTokenUtilSuite.scala,76 days 03:07:00
external/kafka-0-10/src/test/scala/org/apache/spark/streaming/kafka010/DirectKafkaStreamSuite.scala,
external/kafka-0-10/src/test/scala/org/apache/spark/streaming/kafka010/KafkaDataConsumerSuite.scala,
external/kafka-0-10/src/test/scala/org/apache/spark/streaming/kafka010/KafkaRDDSuite.scala,
external/kafka-0-10/src/test/scala/org/apache/spark/streaming/kafka010/KafkaTestUtils.scala,
external/kafka-0-10/src/test/scala/org/apache/spark/streaming/kafka010/mocks/MockScheduler.scala,
external/kafka-0-10/src/test/scala/org/apache/spark/streaming/kafka010/mocks/MockTime.scala,
external/kinesis-asl/src/test/scala/org/apache/spark/streaming/kinesis/KPLBasedKinesisTestUtils.scala,
external/kinesis-asl/src/test/scala/org/apache/spark/streaming/kinesis/KinesisBackedBlockRDDSuite.scala,
external/kinesis-asl/src/test/scala/org/apache/spark/streaming/kinesis/KinesisCheckpointerSuite.scala,
external/kinesis-asl/src/test/scala/org/apache/spark/streaming/kinesis/KinesisFunSuite.scala,
external/kinesis-asl/src/test/scala/org/apache/spark/streaming/kinesis/KinesisInputDStreamBuilderSuite.scala,
external/kinesis-asl/src/test/scala/org/apache/spark/streaming/kinesis/KinesisReceiverSuite.scala,
external/kinesis-asl/src/test/scala/org/apache/spark/streaming/kinesis/KinesisStreamSuite.scala,
graphx/src/main/scala/org/apache/spark/graphx/lib/ShortestPaths.scala,
graphx/src/test/scala/org/apache/spark/graphx/GraphOpsSuite.scala,
graphx/src/test/scala/org/apache/spark/graphx/GraphSuite.scala,
graphx/src/test/scala/org/apache/spark/graphx/LocalSparkContext.scala,
graphx/src/test/scala/org/apache/spark/graphx/VertexRDDSuite.scala,
graphx/src/test/scala/org/apache/spark/graphx/impl/EdgePartitionSuite.scala,
graphx/src/test/scala/org/apache/spark/graphx/lib/PageRankSuite.scala,
mllib-local/src/test/scala/org/apache/spark/ml/util/TestingUtils.scala,
mllib/src/main/scala/org/apache/spark/mllib/stat/test/ChiSqTest.scala,
mllib/src/main/scala/org/apache/spark/mllib/stat/test/KolmogorovSmirnovTest.scala,
mllib/src/main/scala/org/apache/spark/mllib/stat/test/StreamingTest.scala,
mllib/src/main/scala/org/apache/spark/mllib/stat/test/StreamingTestMethod.scala,
mllib/src/main/scala/org/apache/spark/mllib/stat/test/TestResult.scala,
mllib/src/test/scala/org/apache/spark/ml/MLEventsSuite.scala,
mllib/src/test/scala/org/apache/spark/ml/PipelineSuite.scala,
mllib/src/test/scala/org/apache/spark/ml/PredictorSuite.scala,
mllib/src/test/scala/org/apache/spark/ml/ann/GradientSuite.scala,
mllib/src/test/scala/org/apache/spark/ml/classification/ClassifierSuite.scala,
mllib/src/test/scala/org/apache/spark/ml/classification/DecisionTreeClassifierSuite.scala,
mllib/src/test/scala/org/apache/spark/ml/classification/GBTClassifierSuite.scala,
mllib/src/test/scala/org/apache/spark/ml/classification/LinearSVCSuite.scala,
mllib/src/test/scala/org/apache/spark/ml/classification/LogisticRegressionSuite.scala,
mllib/src/test/scala/org/apache/spark/ml/classification/MultilayerPerceptronClassifierSuite.scala,
mllib/src/test/scala/org/apache/spark/ml/classification/NaiveBayesSuite.scala,
mllib/src/test/scala/org/apache/spark/ml/classification/OneVsRestSuite.scala,
mllib/src/test/scala/org/apache/spark/ml/classification/ProbabilisticClassifierSuite.scala,
mllib/src/test/scala/org/apache/spark/ml/classification/RandomForestClassifierSuite.scala,
mllib/src/test/scala/org/apache/spark/ml/clustering/BisectingKMeansSuite.scala,
mllib/src/test/scala/org/apache/spark/ml/clustering/GaussianMixtureSuite.scala,
mllib/src/test/scala/org/apache/spark/ml/clustering/KMeansSuite.scala,
mllib/src/test/scala/org/apache/spark/ml/clustering/LDASuite.scala,
mllib/src/test/scala/org/apache/spark/ml/clustering/PowerIterationClusteringSuite.scala,
mllib/src/test/scala/org/apache/spark/ml/evaluation/ClusteringEvaluatorSuite.scala,
mllib/src/test/scala/org/apache/spark/ml/feature/BinarizerSuite.scala,
mllib/src/test/scala/org/apache/spark/ml/feature/BucketedRandomProjectionLSHSuite.scala,
mllib/src/test/scala/org/apache/spark/ml/feature/BucketizerSuite.scala,
mllib/src/test/scala/org/apache/spark/ml/feature/ChiSqSelectorSuite.scala,
mllib/src/test/scala/org/apache/spark/ml/feature/CountVectorizerSuite.scala,
mllib/src/test/scala/org/apache/spark/ml/feature/DCTSuite.scala,
mllib/src/test/scala/org/apache/spark/ml/feature/FeatureHasherSuite.scala,
mllib/src/test/scala/org/apache/spark/ml/feature/HashingTFSuite.scala,193 days 01:50:00
mllib/src/test/scala/org/apache/spark/ml/feature/IDFSuite.scala,
mllib/src/test/scala/org/apache/spark/ml/feature/ImputerSuite.scala,
mllib/src/test/scala/org/apache/spark/ml/feature/InteractionSuite.scala,
mllib/src/test/scala/org/apache/spark/ml/feature/LSHTest.scala,
mllib/src/test/scala/org/apache/spark/ml/feature/MinHashLSHSuite.scala,
mllib/src/test/scala/org/apache/spark/ml/feature/NGramSuite.scala,
mllib/src/test/scala/org/apache/spark/ml/feature/NormalizerSuite.scala,
mllib/src/test/scala/org/apache/spark/ml/feature/PolynomialExpansionSuite.scala,
mllib/src/test/scala/org/apache/spark/ml/feature/RFormulaParserSuite.scala,
mllib/src/test/scala/org/apache/spark/ml/feature/RFormulaSuite.scala,
mllib/src/test/scala/org/apache/spark/ml/feature/RobustScalerSuite.scala,
mllib/src/test/scala/org/apache/spark/ml/feature/StandardScalerSuite.scala,
mllib/src/test/scala/org/apache/spark/ml/feature/TokenizerSuite.scala,
mllib/src/test/scala/org/apache/spark/ml/feature/VectorAssemblerSuite.scala,
mllib/src/test/scala/org/apache/spark/ml/feature/VectorIndexerSuite.scala,
mllib/src/test/scala/org/apache/spark/ml/feature/VectorSlicerSuite.scala,
mllib/src/test/scala/org/apache/spark/ml/fpm/FPGrowthSuite.scala,
mllib/src/test/scala/org/apache/spark/ml/fpm/PrefixSpanSuite.scala,
mllib/src/test/scala/org/apache/spark/ml/optim/IterativelyReweightedLeastSquaresSuite.scala,
mllib/src/test/scala/org/apache/spark/ml/optim/WeightedLeastSquaresSuite.scala,
mllib/src/test/scala/org/apache/spark/ml/optim/aggregator/DifferentiableLossAggregatorSuite.scala,
mllib/src/test/scala/org/apache/spark/ml/optim/aggregator/HingeAggregatorSuite.scala,
mllib/src/test/scala/org/apache/spark/ml/optim/aggregator/HuberAggregatorSuite.scala,
mllib/src/test/scala/org/apache/spark/ml/optim/aggregator/LeastSquaresAggregatorSuite.scala,
mllib/src/test/scala/org/apache/spark/ml/optim/aggregator/LogisticAggregatorSuite.scala,
mllib/src/test/scala/org/apache/spark/ml/optim/loss/RDDLossFunctionSuite.scala,
mllib/src/test/scala/org/apache/spark/ml/param/ParamsSuite.scala,
mllib/src/test/scala/org/apache/spark/ml/param/TestParams.scala,
mllib/src/test/scala/org/apache/spark/ml/param/shared/SharedParamsSuite.scala,
mllib/src/test/scala/org/apache/spark/ml/recommendation/ALSSuite.scala,
mllib/src/test/scala/org/apache/spark/ml/regression/AFTSurvivalRegressionSuite.scala,
mllib/src/test/scala/org/apache/spark/ml/regression/DecisionTreeRegressorSuite.scala,
mllib/src/test/scala/org/apache/spark/ml/regression/GBTRegressorSuite.scala,
mllib/src/test/scala/org/apache/spark/ml/regression/GeneralizedLinearRegressionSuite.scala,
mllib/src/test/scala/org/apache/spark/ml/regression/IsotonicRegressionSuite.scala,
mllib/src/test/scala/org/apache/spark/ml/regression/LinearRegressionSuite.scala,
mllib/src/test/scala/org/apache/spark/ml/regression/RandomForestRegressorSuite.scala,
mllib/src/test/scala/org/apache/spark/ml/source/libsvm/LibSVMRelationSuite.scala,
mllib/src/test/scala/org/apache/spark/ml/stat/SummarizerSuite.scala,
mllib/src/test/scala/org/apache/spark/ml/tree/impl/RandomForestSuite.scala,
mllib/src/test/scala/org/apache/spark/ml/tree/impl/TreeTests.scala,
mllib/src/test/scala/org/apache/spark/ml/tuning/CrossValidatorSuite.scala,
mllib/src/test/scala/org/apache/spark/ml/tuning/ParamGridBuilderSuite.scala,
mllib/src/test/scala/org/apache/spark/ml/tuning/TrainValidationSplitSuite.scala,
mllib/src/test/scala/org/apache/spark/ml/tuning/ValidatorParamsSuiteHelpers.scala,
mllib/src/test/scala/org/apache/spark/ml/util/DefaultReadWriteTest.scala,
mllib/src/test/scala/org/apache/spark/ml/util/MLTest.scala,
mllib/src/test/scala/org/apache/spark/ml/util/MLTestingUtils.scala,
mllib/src/test/scala/org/apache/spark/ml/util/PMMLUtils.scala,
mllib/src/test/scala/org/apache/spark/ml/util/StopwatchSuite.scala,
mllib/src/test/scala/org/apache/spark/ml/util/TempDirectory.scala,
mllib/src/test/scala/org/apache/spark/mllib/classification/LogisticRegressionSuite.scala,
mllib/src/test/scala/org/apache/spark/mllib/classification/NaiveBayesSuite.scala,
mllib/src/test/scala/org/apache/spark/mllib/classification/SVMSuite.scala,
mllib/src/test/scala/org/apache/spark/mllib/classification/StreamingLogisticRegressionSuite.scala,
mllib/src/test/scala/org/apache/spark/mllib/clustering/KMeansSuite.scala,
mllib/src/test/scala/org/apache/spark/mllib/clustering/LDASuite.scala,
mllib/src/test/scala/org/apache/spark/mllib/clustering/StreamingKMeansSuite.scala,
mllib/src/test/scala/org/apache/spark/mllib/evaluation/BinaryClassificationMetricsSuite.scala,
mllib/src/test/scala/org/apache/spark/mllib/feature/ChiSqSelectorSuite.scala,
mllib/src/test/scala/org/apache/spark/mllib/feature/StandardScalerSuite.scala,
mllib/src/test/scala/org/apache/spark/mllib/fpm/PrefixSpanSuite.scala,
mllib/src/test/scala/org/apache/spark/mllib/linalg/MatricesSuite.scala,
mllib/src/test/scala/org/apache/spark/mllib/linalg/UDTSerializationBenchmark.scala,169 days 08:36:00
mllib/src/test/scala/org/apache/spark/mllib/linalg/VectorsSuite.scala,
mllib/src/test/scala/org/apache/spark/mllib/linalg/distributed/CoordinateMatrixSuite.scala,
mllib/src/test/scala/org/apache/spark/mllib/linalg/distributed/IndexedRowMatrixSuite.scala,
mllib/src/test/scala/org/apache/spark/mllib/linalg/distributed/RowMatrixSuite.scala,338 days 00:31:00
mllib/src/test/scala/org/apache/spark/mllib/optimization/GradientDescentSuite.scala,
mllib/src/test/scala/org/apache/spark/mllib/optimization/NNLSSuite.scala,
mllib/src/test/scala/org/apache/spark/mllib/random/RandomDataGeneratorSuite.scala,
mllib/src/test/scala/org/apache/spark/mllib/random/RandomRDDsSuite.scala,
mllib/src/test/scala/org/apache/spark/mllib/recommendation/MatrixFactorizationModelSuite.scala,
mllib/src/test/scala/org/apache/spark/mllib/regression/IsotonicRegressionSuite.scala,
mllib/src/test/scala/org/apache/spark/mllib/regression/LassoSuite.scala,
mllib/src/test/scala/org/apache/spark/mllib/regression/LinearRegressionSuite.scala,
mllib/src/test/scala/org/apache/spark/mllib/regression/RidgeRegressionSuite.scala,
mllib/src/test/scala/org/apache/spark/mllib/regression/StreamingLinearRegressionSuite.scala,
mllib/src/test/scala/org/apache/spark/mllib/stat/StreamingTestSuite.scala,
mllib/src/test/scala/org/apache/spark/mllib/tree/DecisionTreeSuite.scala,
mllib/src/test/scala/org/apache/spark/mllib/tree/EnsembleTestHelper.scala,
mllib/src/test/scala/org/apache/spark/mllib/tree/ImpuritySuite.scala,
mllib/src/test/scala/org/apache/spark/mllib/tree/RandomForestSuite.scala,
mllib/src/test/scala/org/apache/spark/mllib/util/LocalClusterSparkContext.scala,
mllib/src/test/scala/org/apache/spark/mllib/util/MLlibTestSparkContext.scala,
mllib/src/test/scala/org/apache/spark/mllib/util/TestingUtils.scala,
repl/src/test/scala/org/apache/spark/repl/ExecutorClassLoaderSuite.scala,393 days 11:12:00
repl/src/test/scala/org/apache/spark/repl/ReplSuite.scala,40 days 14:45:00
repl/src/test/scala/org/apache/spark/repl/SingletonReplSuite.scala,163 days 15:01:00
resource-managers/kubernetes/core/src/test/scala/org/apache/spark/deploy/k8s/KubernetesTestConf.scala,
resource-managers/kubernetes/core/src/test/scala/org/apache/spark/deploy/k8s/PodBuilderSuite.scala,
resource-managers/kubernetes/core/src/test/scala/org/apache/spark/deploy/k8s/features/BasicDriverFeatureStepSuite.scala,183 days 06:24:00
resource-managers/kubernetes/core/src/test/scala/org/apache/spark/deploy/k8s/features/BasicExecutorFeatureStepSuite.scala,
resource-managers/kubernetes/core/src/test/scala/org/apache/spark/deploy/k8s/features/DriverCommandFeatureStepSuite.scala,
resource-managers/kubernetes/core/src/test/scala/org/apache/spark/deploy/k8s/features/DriverKubernetesCredentialsFeatureStepSuite.scala,
resource-managers/kubernetes/core/src/test/scala/org/apache/spark/deploy/k8s/features/DriverServiceFeatureStepSuite.scala,
resource-managers/kubernetes/core/src/test/scala/org/apache/spark/deploy/k8s/features/KubernetesFeaturesTestUtils.scala,
resource-managers/kubernetes/core/src/test/scala/org/apache/spark/deploy/k8s/submit/ClientSuite.scala,
resource-managers/kubernetes/core/src/test/scala/org/apache/spark/deploy/k8s/submit/KubernetesDriverBuilderSuite.scala,
resource-managers/kubernetes/core/src/test/scala/org/apache/spark/scheduler/cluster/k8s/DeterministicExecutorPodsSnapshotsStore.scala,
resource-managers/kubernetes/core/src/test/scala/org/apache/spark/scheduler/cluster/k8s/ExecutorLifecycleTestUtils.scala,
resource-managers/kubernetes/core/src/test/scala/org/apache/spark/scheduler/cluster/k8s/ExecutorPodsAllocatorSuite.scala,
resource-managers/kubernetes/core/src/test/scala/org/apache/spark/scheduler/cluster/k8s/ExecutorPodsLifecycleManagerSuite.scala,
resource-managers/kubernetes/core/src/test/scala/org/apache/spark/scheduler/cluster/k8s/ExecutorPodsSnapshotsStoreSuite.scala,
resource-managers/kubernetes/core/src/test/scala/org/apache/spark/scheduler/cluster/k8s/KubernetesExecutorBuilderSuite.scala,
resource-managers/kubernetes/integration-tests/src/test/scala/org/apache/spark/deploy/k8s/integrationtest/DepsTestsSuite.scala,99 days 09:57:00
resource-managers/kubernetes/integration-tests/src/test/scala/org/apache/spark/deploy/k8s/integrationtest/KubernetesSuite.scala,
resource-managers/kubernetes/integration-tests/src/test/scala/org/apache/spark/deploy/k8s/integrationtest/KubernetesTestComponents.scala,
resource-managers/kubernetes/integration-tests/src/test/scala/org/apache/spark/deploy/k8s/integrationtest/PVTestsSuite.scala,
resource-managers/kubernetes/integration-tests/src/test/scala/org/apache/spark/deploy/k8s/integrationtest/ProcessUtils.scala,
resource-managers/kubernetes/integration-tests/src/test/scala/org/apache/spark/deploy/k8s/integrationtest/SecretsTestsSuite.scala,
resource-managers/kubernetes/integration-tests/src/test/scala/org/apache/spark/deploy/k8s/integrationtest/Utils.scala,
resource-managers/kubernetes/integration-tests/src/test/scala/org/apache/spark/deploy/k8s/integrationtest/backend/IntegrationTestBackend.scala,
resource-managers/kubernetes/integration-tests/src/test/scala/org/apache/spark/deploy/k8s/integrationtest/backend/cloud/KubeConfigBackend.scala,
resource-managers/kubernetes/integration-tests/src/test/scala/org/apache/spark/deploy/k8s/integrationtest/backend/minikube/Minikube.scala,
resource-managers/mesos/src/test/scala/org/apache/spark/deploy/rest/mesos/MesosRestServerSuite.scala,
resource-managers/mesos/src/test/scala/org/apache/spark/scheduler/cluster/mesos/MesosClusterManagerSuite.scala,
resource-managers/mesos/src/test/scala/org/apache/spark/scheduler/cluster/mesos/MesosClusterSchedulerSuite.scala,
resource-managers/mesos/src/test/scala/org/apache/spark/scheduler/cluster/mesos/MesosCoarseGrainedSchedulerBackendSuite.scala,
resource-managers/mesos/src/test/scala/org/apache/spark/scheduler/cluster/mesos/MesosFineGrainedSchedulerBackendSuite.scala,
resource-managers/mesos/src/test/scala/org/apache/spark/scheduler/cluster/mesos/MesosSchedulerUtilsSuite.scala,
resource-managers/mesos/src/test/scala/org/apache/spark/scheduler/cluster/mesos/Utils.scala,
resource-managers/yarn/src/test/scala/org/apache/spark/deploy/yarn/BaseYarnClusterSuite.scala,
resource-managers/yarn/src/test/scala/org/apache/spark/deploy/yarn/ClientDistributedCacheManagerSuite.scala,
resource-managers/yarn/src/test/scala/org/apache/spark/deploy/yarn/ClientSuite.scala,
resource-managers/yarn/src/test/scala/org/apache/spark/deploy/yarn/ContainerPlacementStrategySuite.scala,
resource-managers/yarn/src/test/scala/org/apache/spark/deploy/yarn/LocalityPlacementStrategySuite.scala,
resource-managers/yarn/src/test/scala/org/apache/spark/deploy/yarn/ResourceRequestHelperSuite.scala,
resource-managers/yarn/src/test/scala/org/apache/spark/deploy/yarn/ResourceRequestTestHelper.scala,
resource-managers/yarn/src/test/scala/org/apache/spark/deploy/yarn/YarnAllocatorBlacklistTrackerSuite.scala,
resource-managers/yarn/src/test/scala/org/apache/spark/deploy/yarn/YarnAllocatorSuite.scala,
resource-managers/yarn/src/test/scala/org/apache/spark/deploy/yarn/YarnClusterSuite.scala,
resource-managers/yarn/src/test/scala/org/apache/spark/deploy/yarn/YarnShuffleIntegrationSuite.scala,
resource-managers/yarn/src/test/scala/org/apache/spark/deploy/yarn/YarnSparkHadoopUtilSuite.scala,
resource-managers/yarn/src/test/scala/org/apache/spark/network/shuffle/ShuffleTestAccessor.scala,
resource-managers/yarn/src/test/scala/org/apache/spark/network/yarn/YarnShuffleServiceSuite.scala,
resource-managers/yarn/src/test/scala/org/apache/spark/scheduler/cluster/YarnSchedulerBackendSuite.scala,
sql/catalyst/src/test/scala/org/apache/spark/sql/HashBenchmark.scala,169 days 08:36:00
sql/catalyst/src/test/scala/org/apache/spark/sql/HashByteArrayBenchmark.scala,
sql/catalyst/src/test/scala/org/apache/spark/sql/RandomDataGenerator.scala,193 days 09:14:00
sql/catalyst/src/test/scala/org/apache/spark/sql/RandomDataGeneratorSuite.scala,
sql/catalyst/src/test/scala/org/apache/spark/sql/RowTest.scala,
sql/catalyst/src/test/scala/org/apache/spark/sql/UnsafeProjectionBenchmark.scala,169 days 08:36:00
sql/catalyst/src/test/scala/org/apache/spark/sql/catalyst/DistributionSuite.scala,
sql/catalyst/src/test/scala/org/apache/spark/sql/catalyst/ScalaReflectionSuite.scala,
sql/catalyst/src/test/scala/org/apache/spark/sql/catalyst/analysis/AnalysisErrorSuite.scala,124 days 04:29:00
sql/catalyst/src/test/scala/org/apache/spark/sql/catalyst/analysis/AnalysisExternalCatalogSuite.scala,
sql/catalyst/src/test/scala/org/apache/spark/sql/catalyst/analysis/AnalysisSuite.scala,244 days 16:45:00
sql/catalyst/src/test/scala/org/apache/spark/sql/catalyst/analysis/AnalysisTest.scala,
sql/catalyst/src/test/scala/org/apache/spark/sql/catalyst/analysis/CreateTablePartitioningValidationSuite.scala,9 days 13:33:00
sql/catalyst/src/test/scala/org/apache/spark/sql/catalyst/analysis/DataSourceV2AnalysisSuite.scala,373 days 14:56:00
sql/catalyst/src/test/scala/org/apache/spark/sql/catalyst/analysis/DecimalPrecisionSuite.scala,
sql/catalyst/src/test/scala/org/apache/spark/sql/catalyst/analysis/ExpressionTypeCheckingSuite.scala,
sql/catalyst/src/test/scala/org/apache/spark/sql/catalyst/analysis/ResolveInlineTablesSuite.scala,
sql/catalyst/src/test/scala/org/apache/spark/sql/catalyst/analysis/ResolveLambdaVariablesSuite.scala,
sql/catalyst/src/test/scala/org/apache/spark/sql/catalyst/analysis/ResolvedUuidExpressionsSuite.scala,
sql/catalyst/src/test/scala/org/apache/spark/sql/catalyst/analysis/TypeCoercionSuite.scala,171 days 08:21:00
sql/catalyst/src/test/scala/org/apache/spark/sql/catalyst/analysis/UnsupportedOperationsSuite.scala,
sql/catalyst/src/test/scala/org/apache/spark/sql/catalyst/catalog/ExternalCatalogEventSuite.scala,
sql/catalyst/src/test/scala/org/apache/spark/sql/catalyst/catalog/InMemoryCatalogSuite.scala,
sql/catalyst/src/test/scala/org/apache/spark/sql/catalyst/csv/CSVInferSchemaSuite.scala,
sql/catalyst/src/test/scala/org/apache/spark/sql/catalyst/csv/UnivocityParserSuite.scala,
sql/catalyst/src/test/scala/org/apache/spark/sql/catalyst/encoders/EncoderErrorMessageSuite.scala,
sql/catalyst/src/test/scala/org/apache/spark/sql/catalyst/encoders/EncoderResolutionSuite.scala,169 days 08:36:00
sql/catalyst/src/test/scala/org/apache/spark/sql/catalyst/encoders/ExpressionEncoderSuite.scala,169 days 08:36:00
sql/catalyst/src/test/scala/org/apache/spark/sql/catalyst/encoders/RowEncoderSuite.scala,169 days 08:36:00
sql/catalyst/src/test/scala/org/apache/spark/sql/catalyst/expressions/ArithmeticExpressionSuite.scala,203 days 12:42:00
sql/catalyst/src/test/scala/org/apache/spark/sql/catalyst/expressions/CallMethodViaReflectionSuite.scala,
sql/catalyst/src/test/scala/org/apache/spark/sql/catalyst/expressions/CastSuite.scala,117 days 09:04:00
sql/catalyst/src/test/scala/org/apache/spark/sql/catalyst/expressions/CodeGenerationSuite.scala,291 days 13:33:00
sql/catalyst/src/test/scala/org/apache/spark/sql/catalyst/expressions/CodeGeneratorWithInterpretedFallbackSuite.scala,
sql/catalyst/src/test/scala/org/apache/spark/sql/catalyst/expressions/CollectionExpressionsSuite.scala,56 days 03:32:00
sql/catalyst/src/test/scala/org/apache/spark/sql/catalyst/expressions/ComplexTypeSuite.scala,248 days 08:21:00
sql/catalyst/src/test/scala/org/apache/spark/sql/catalyst/expressions/ConditionalExpressionSuite.scala,
sql/catalyst/src/test/scala/org/apache/spark/sql/catalyst/expressions/DateExpressionsSuite.scala,91 days 22:11:00
sql/catalyst/src/test/scala/org/apache/spark/sql/catalyst/expressions/ExpressionEvalHelper.scala,
sql/catalyst/src/test/scala/org/apache/spark/sql/catalyst/expressions/ExpressionEvalHelperSuite.scala,
sql/catalyst/src/test/scala/org/apache/spark/sql/catalyst/expressions/ExpressionSQLBuilderSuite.scala,
sql/catalyst/src/test/scala/org/apache/spark/sql/catalyst/expressions/ExpressionSetSuite.scala,
sql/catalyst/src/test/scala/org/apache/spark/sql/catalyst/expressions/GeneratorExpressionSuite.scala,
sql/catalyst/src/test/scala/org/apache/spark/sql/catalyst/expressions/HashExpressionsSuite.scala,169 days 08:36:00
sql/catalyst/src/test/scala/org/apache/spark/sql/catalyst/expressions/HigherOrderFunctionsSuite.scala,
sql/catalyst/src/test/scala/org/apache/spark/sql/catalyst/expressions/IntervalExpressionsSuite.scala,56 days 03:32:00
sql/catalyst/src/test/scala/org/apache/spark/sql/catalyst/expressions/JsonExpressionsSuite.scala,
sql/catalyst/src/test/scala/org/apache/spark/sql/catalyst/expressions/LiteralExpressionSuite.scala,
sql/catalyst/src/test/scala/org/apache/spark/sql/catalyst/expressions/LiteralGenerator.scala,
sql/catalyst/src/test/scala/org/apache/spark/sql/catalyst/expressions/MutableProjectionSuite.scala,
sql/catalyst/src/test/scala/org/apache/spark/sql/catalyst/expressions/NonFoldableLiteral.scala,
sql/catalyst/src/test/scala/org/apache/spark/sql/catalyst/expressions/NullExpressionsSuite.scala,
sql/catalyst/src/test/scala/org/apache/spark/sql/catalyst/expressions/ObjectExpressionsSuite.scala,169 days 08:36:00
sql/catalyst/src/test/scala/org/apache/spark/sql/catalyst/expressions/OrderingSuite.scala,125 days 02:46:00
sql/catalyst/src/test/scala/org/apache/spark/sql/catalyst/expressions/RegexpExpressionsSuite.scala,103 days 10:23:00
sql/catalyst/src/test/scala/org/apache/spark/sql/catalyst/expressions/SchemaPruningSuite.scala,534 days 17:47:00
sql/catalyst/src/test/scala/org/apache/spark/sql/catalyst/expressions/SelectedFieldSuite.scala,248 days 08:21:00
sql/catalyst/src/test/scala/org/apache/spark/sql/catalyst/expressions/SubexpressionEliminationSuite.scala,
sql/catalyst/src/test/scala/org/apache/spark/sql/catalyst/expressions/TimeWindowSuite.scala,
sql/catalyst/src/test/scala/org/apache/spark/sql/catalyst/expressions/UnsafeRowConverterSuite.scala,
sql/catalyst/src/test/scala/org/apache/spark/sql/catalyst/expressions/aggregate/ApproxCountDistinctForIntervalsSuite.scala,
sql/catalyst/src/test/scala/org/apache/spark/sql/catalyst/expressions/aggregate/ApproximatePercentileSuite.scala,48 days 10:14:00
sql/catalyst/src/test/scala/org/apache/spark/sql/catalyst/expressions/aggregate/CountMinSketchAggSuite.scala,
sql/catalyst/src/test/scala/org/apache/spark/sql/catalyst/expressions/aggregate/DeclarativeAggregateEvaluator.scala,
sql/catalyst/src/test/scala/org/apache/spark/sql/catalyst/expressions/aggregate/HyperLogLogPlusPlusSuite.scala,241 days 20:02:00
sql/catalyst/src/test/scala/org/apache/spark/sql/catalyst/expressions/aggregate/PercentileSuite.scala,48 days 10:14:00
sql/catalyst/src/test/scala/org/apache/spark/sql/catalyst/expressions/codegen/BufferHolderSparkSubmitSuite.scala,
sql/catalyst/src/test/scala/org/apache/spark/sql/catalyst/expressions/codegen/CodeFormatterSuite.scala,
sql/catalyst/src/test/scala/org/apache/spark/sql/catalyst/expressions/codegen/CodegenExpressionCachingSuite.scala,
sql/catalyst/src/test/scala/org/apache/spark/sql/catalyst/expressions/codegen/GenerateUnsafeProjectionSuite.scala,
sql/catalyst/src/test/scala/org/apache/spark/sql/catalyst/expressions/codegen/GenerateUnsafeRowJoinerBitsetSuite.scala,
sql/catalyst/src/test/scala/org/apache/spark/sql/catalyst/expressions/codegen/GenerateUnsafeRowJoinerSuite.scala,123 days 14:11:00
sql/catalyst/src/test/scala/org/apache/spark/sql/catalyst/expressions/codegen/UnsafeRowWriterSuite.scala,
sql/catalyst/src/test/scala/org/apache/spark/sql/catalyst/expressions/xml/XPathExpressionSuite.scala,
sql/catalyst/src/test/scala/org/apache/spark/sql/catalyst/json/JsonInferSchemaSuite.scala,91 days 22:11:00
sql/catalyst/src/test/scala/org/apache/spark/sql/catalyst/optimizer/BooleanSimplificationSuite.scala,
sql/catalyst/src/test/scala/org/apache/spark/sql/catalyst/optimizer/CheckCartesianProductsSuite.scala,
sql/catalyst/src/test/scala/org/apache/spark/sql/catalyst/optimizer/CollapseProjectSuite.scala,
sql/catalyst/src/test/scala/org/apache/spark/sql/catalyst/optimizer/ColumnPruningSuite.scala,
sql/catalyst/src/test/scala/org/apache/spark/sql/catalyst/optimizer/CombineConcatsSuite.scala,
sql/catalyst/src/test/scala/org/apache/spark/sql/catalyst/optimizer/ConvertToLocalRelationSuite.scala,
sql/catalyst/src/test/scala/org/apache/spark/sql/catalyst/optimizer/EliminateMapObjectsSuite.scala,
sql/catalyst/src/test/scala/org/apache/spark/sql/catalyst/optimizer/EliminateSerializationSuite.scala,
sql/catalyst/src/test/scala/org/apache/spark/sql/catalyst/optimizer/EliminateSubqueryAliasesSuite.scala,
sql/catalyst/src/test/scala/org/apache/spark/sql/catalyst/optimizer/ExtractPythonUDFFromJoinConditionSuite.scala,
sql/catalyst/src/test/scala/org/apache/spark/sql/catalyst/optimizer/InferFiltersFromConstraintsSuite.scala,
sql/catalyst/src/test/scala/org/apache/spark/sql/catalyst/optimizer/JoinOptimizationSuite.scala,
sql/catalyst/src/test/scala/org/apache/spark/sql/catalyst/optimizer/JoinReorderSuite.scala,
sql/catalyst/src/test/scala/org/apache/spark/sql/catalyst/optimizer/NestedColumnAliasingSuite.scala,
sql/catalyst/src/test/scala/org/apache/spark/sql/catalyst/optimizer/ObjectSerializerPruningSuite.scala,294 days 15:55:00
sql/catalyst/src/test/scala/org/apache/spark/sql/catalyst/optimizer/OptimizerExtendableSuite.scala,
sql/catalyst/src/test/scala/org/apache/spark/sql/catalyst/optimizer/OptimizerLoggingSuite.scala,
sql/catalyst/src/test/scala/org/apache/spark/sql/catalyst/optimizer/OptimizerRuleExclusionSuite.scala,
sql/catalyst/src/test/scala/org/apache/spark/sql/catalyst/optimizer/OptimizerStructuralIntegrityCheckerSuite.scala,
sql/catalyst/src/test/scala/org/apache/spark/sql/catalyst/optimizer/ReplaceNullWithFalseInPredicateSuite.scala,
sql/catalyst/src/test/scala/org/apache/spark/sql/catalyst/optimizer/RewriteDistinctAggregatesSuite.scala,
sql/catalyst/src/test/scala/org/apache/spark/sql/catalyst/optimizer/SimplifyConditionalSuite.scala,
sql/catalyst/src/test/scala/org/apache/spark/sql/catalyst/optimizer/StarJoinCostBasedReorderSuite.scala,
sql/catalyst/src/test/scala/org/apache/spark/sql/catalyst/optimizer/StarJoinReorderSuite.scala,
sql/catalyst/src/test/scala/org/apache/spark/sql/catalyst/optimizer/TypedFilterOptimizationSuite.scala,
sql/catalyst/src/test/scala/org/apache/spark/sql/catalyst/optimizer/complexTypesSuite.scala,
sql/catalyst/src/test/scala/org/apache/spark/sql/catalyst/parser/DDLParserSuite.scala,107 days 20:54:00
sql/catalyst/src/test/scala/org/apache/spark/sql/catalyst/parser/DataTypeParserSuite.scala,
sql/catalyst/src/test/scala/org/apache/spark/sql/catalyst/parser/ErrorParserSuite.scala,
sql/catalyst/src/test/scala/org/apache/spark/sql/catalyst/parser/ExpressionParserSuite.scala,17 days 17:32:00
sql/catalyst/src/test/scala/org/apache/spark/sql/catalyst/parser/ParserUtilsSuite.scala,
sql/catalyst/src/test/scala/org/apache/spark/sql/catalyst/parser/PlanParserSuite.scala,107 days 20:54:00
sql/catalyst/src/test/scala/org/apache/spark/sql/catalyst/parser/TableSchemaParserSuite.scala,
sql/catalyst/src/test/scala/org/apache/spark/sql/catalyst/plans/ConstraintPropagationSuite.scala,
sql/catalyst/src/test/scala/org/apache/spark/sql/catalyst/plans/LogicalPlanSuite.scala,
sql/catalyst/src/test/scala/org/apache/spark/sql/catalyst/plans/PlanTest.scala,498 days 17:42:00
sql/catalyst/src/test/scala/org/apache/spark/sql/catalyst/plans/SQLHelper.scala,
sql/catalyst/src/test/scala/org/apache/spark/sql/catalyst/plans/SameResultSuite.scala,
sql/catalyst/src/test/scala/org/apache/spark/sql/catalyst/statsEstimation/AggregateEstimationSuite.scala,
sql/catalyst/src/test/scala/org/apache/spark/sql/catalyst/statsEstimation/BasicStatsEstimationSuite.scala,86 days 14:15:00
sql/catalyst/src/test/scala/org/apache/spark/sql/catalyst/statsEstimation/FilterEstimationSuite.scala,
sql/catalyst/src/test/scala/org/apache/spark/sql/catalyst/statsEstimation/JoinEstimationSuite.scala,335 days 15:35:00
sql/catalyst/src/test/scala/org/apache/spark/sql/catalyst/statsEstimation/ProjectEstimationSuite.scala,
sql/catalyst/src/test/scala/org/apache/spark/sql/catalyst/statsEstimation/StatsEstimationTestBase.scala,335 days 15:35:00
sql/catalyst/src/test/scala/org/apache/spark/sql/catalyst/streaming/InternalOutputModesSuite.scala,
sql/catalyst/src/test/scala/org/apache/spark/sql/catalyst/trees/RuleExecutorSuite.scala,
sql/catalyst/src/test/scala/org/apache/spark/sql/catalyst/trees/TreeNodeSuite.scala,86 days 03:42:00
sql/catalyst/src/test/scala/org/apache/spark/sql/catalyst/util/ArrayDataIndexedSeqSuite.scala,169 days 08:36:00
sql/catalyst/src/test/scala/org/apache/spark/sql/catalyst/util/CaseInsensitiveMapSuite.scala,266 days 00:39:00
sql/catalyst/src/test/scala/org/apache/spark/sql/catalyst/util/ComplexDataSuite.scala,
sql/catalyst/src/test/scala/org/apache/spark/sql/catalyst/util/DateFormatterSuite.scala,
sql/catalyst/src/test/scala/org/apache/spark/sql/catalyst/util/DateTimeFormatterHelperSuite.scala,
sql/catalyst/src/test/scala/org/apache/spark/sql/catalyst/util/DateTimeTestUtils.scala,110 days 07:58:00
sql/catalyst/src/test/scala/org/apache/spark/sql/catalyst/util/DateTimeUtilsSuite.scala,103 days 17:28:00
sql/catalyst/src/test/scala/org/apache/spark/sql/catalyst/util/DatetimeFormatterSuite.scala,
sql/catalyst/src/test/scala/org/apache/spark/sql/catalyst/util/IntervalUtilsSuite.scala,12 days 08:31:00
sql/catalyst/src/test/scala/org/apache/spark/sql/catalyst/util/NumberConverterSuite.scala,
sql/catalyst/src/test/scala/org/apache/spark/sql/catalyst/util/QuantileSummariesSuite.scala,
sql/catalyst/src/test/scala/org/apache/spark/sql/catalyst/util/RebaseDateTimeSuite.scala,165 days 23:28:00
sql/catalyst/src/test/scala/org/apache/spark/sql/catalyst/util/StringUtilsSuite.scala,220 days 17:55:00
sql/catalyst/src/test/scala/org/apache/spark/sql/catalyst/util/TimestampFormatterSuite.scala,
sql/catalyst/src/test/scala/org/apache/spark/sql/catalyst/util/TypeUtilsSuite.scala,
sql/catalyst/src/test/scala/org/apache/spark/sql/catalyst/util/UnsafeArraySuite.scala,169 days 08:36:00
sql/catalyst/src/test/scala/org/apache/spark/sql/connector/InMemoryTable.scala,49 days 22:56:00
sql/catalyst/src/test/scala/org/apache/spark/sql/connector/InMemoryTableCatalog.scala,
sql/catalyst/src/test/scala/org/apache/spark/sql/connector/StagingInMemoryTableCatalog.scala,
sql/catalyst/src/test/scala/org/apache/spark/sql/connector/catalog/CatalogManagerSuite.scala,
sql/catalyst/src/test/scala/org/apache/spark/sql/connector/catalog/LookupCatalogSuite.scala,34 days 03:46:00
sql/catalyst/src/test/scala/org/apache/spark/sql/connector/catalog/TableCatalogSuite.scala,
sql/catalyst/src/test/scala/org/apache/spark/sql/types/DataTypeSuite.scala,315 days 08:07:00
sql/catalyst/src/test/scala/org/apache/spark/sql/types/DataTypeWriteCompatibilitySuite.scala,
sql/catalyst/src/test/scala/org/apache/spark/sql/types/DecimalSuite.scala,
sql/catalyst/src/test/scala/org/apache/spark/sql/util/ArrowUtilsSuite.scala,
sql/catalyst/src/test/scala/org/apache/spark/sql/util/SchemaUtilsSuite.scala,
sql/core/src/main/scala/org/apache/spark/sql/test/ExamplePointUDT.scala,
sql/core/src/test/scala/org/apache/spark/sql/AggregateHashMapSuite.scala,
sql/core/src/test/scala/org/apache/spark/sql/BenchmarkQueryTest.scala,417 days 21:35:00
sql/core/src/test/scala/org/apache/spark/sql/CachedTableSuite.scala,10 days 10:25:00
sql/core/src/test/scala/org/apache/spark/sql/ColumnExpressionSuite.scala,178 days 11:34:00
sql/core/src/test/scala/org/apache/spark/sql/ComplexTypesSuite.scala,248 days 08:21:00
sql/core/src/test/scala/org/apache/spark/sql/ConfigBehaviorSuite.scala,
sql/core/src/test/scala/org/apache/spark/sql/CsvFunctionsSuite.scala,91 days 22:11:00
sql/core/src/test/scala/org/apache/spark/sql/DataFrameAggregateSuite.scala,98 days 03:47:00
sql/core/src/test/scala/org/apache/spark/sql/DataFrameFunctionsSuite.scala,
sql/core/src/test/scala/org/apache/spark/sql/DataFrameHintSuite.scala,
sql/core/src/test/scala/org/apache/spark/sql/DataFrameJoinSuite.scala,
sql/core/src/test/scala/org/apache/spark/sql/DataFrameNaFunctionsSuite.scala,30 days 00:29:00
sql/core/src/test/scala/org/apache/spark/sql/DataFrameRangeSuite.scala,
sql/core/src/test/scala/org/apache/spark/sql/DataFrameSelfJoinSuite.scala,225 days 13:51:00
sql/core/src/test/scala/org/apache/spark/sql/DataFrameSetOperationsSuite.scala,
sql/core/src/test/scala/org/apache/spark/sql/DataFrameStatSuite.scala,
sql/core/src/test/scala/org/apache/spark/sql/DataFrameSuite.scala,6 days 15:00:00
sql/core/src/test/scala/org/apache/spark/sql/DataFrameTimeWindowingSuite.scala,
sql/core/src/test/scala/org/apache/spark/sql/DataFrameWindowFunctionsSuite.scala,176 days 09:56:00
sql/core/src/test/scala/org/apache/spark/sql/DataFrameWriterV2Suite.scala,49 days 22:56:00
sql/core/src/test/scala/org/apache/spark/sql/DatasetAggregatorSuite.scala,84 days 01:36:00
sql/core/src/test/scala/org/apache/spark/sql/DatasetBenchmark.scala,
sql/core/src/test/scala/org/apache/spark/sql/DatasetCacheSuite.scala,
sql/core/src/test/scala/org/apache/spark/sql/DatasetOptimizationSuite.scala,294 days 15:55:00
sql/core/src/test/scala/org/apache/spark/sql/DatasetSerializerRegistratorSuite.scala,257 days 11:26:00
sql/core/src/test/scala/org/apache/spark/sql/DatasetSuite.scala,212 days 08:39:00
sql/core/src/test/scala/org/apache/spark/sql/DateFunctionsSuite.scala,91 days 22:11:00
sql/core/src/test/scala/org/apache/spark/sql/DeprecatedAPISuite.scala,
sql/core/src/test/scala/org/apache/spark/sql/DynamicPartitionPruningSuite.scala,79 days 12:13:00
sql/core/src/test/scala/org/apache/spark/sql/ExplainSuite.scala,79 days 12:13:00
sql/core/src/test/scala/org/apache/spark/sql/ExpressionsSchemaSuite.scala,
sql/core/src/test/scala/org/apache/spark/sql/ExtraStrategiesSuite.scala,
sql/core/src/test/scala/org/apache/spark/sql/FileBasedDataSourceSuite.scala,71 days 14:30:00
sql/core/src/test/scala/org/apache/spark/sql/GeneratorFunctionSuite.scala,124 days 04:29:00
sql/core/src/test/scala/org/apache/spark/sql/IntegratedUDFTestUtils.scala,
sql/core/src/test/scala/org/apache/spark/sql/JoinHintSuite.scala,253 days 06:12:00
sql/core/src/test/scala/org/apache/spark/sql/JoinSuite.scala,13 days 14:55:00
sql/core/src/test/scala/org/apache/spark/sql/JsonFunctionsSuite.scala,129 days 05:45:00
sql/core/src/test/scala/org/apache/spark/sql/LocalSparkSession.scala,
sql/core/src/test/scala/org/apache/spark/sql/MathFunctionsSuite.scala,
sql/core/src/test/scala/org/apache/spark/sql/MetadataCacheSuite.scala,
sql/core/src/test/scala/org/apache/spark/sql/MiscFunctionsSuite.scala,
sql/core/src/test/scala/org/apache/spark/sql/ProcessingTimeSuite.scala,
sql/core/src/test/scala/org/apache/spark/sql/QueryTest.scala,
sql/core/src/test/scala/org/apache/spark/sql/ReplaceNullWithFalseInPredicateEndToEndSuite.scala,
sql/core/src/test/scala/org/apache/spark/sql/RuntimeConfigSuite.scala,
sql/core/src/test/scala/org/apache/spark/sql/SQLContextSuite.scala,
sql/core/src/test/scala/org/apache/spark/sql/SQLQuerySuite.scala,70 days 15:46:00
sql/core/src/test/scala/org/apache/spark/sql/SQLQueryTestSuite.scala,20 days 20:29:00
sql/core/src/test/scala/org/apache/spark/sql/SSBQuerySuite.scala,
sql/core/src/test/scala/org/apache/spark/sql/SessionStateSuite.scala,
sql/core/src/test/scala/org/apache/spark/sql/ShowCreateTableSuite.scala,114 days 06:43:00
sql/core/src/test/scala/org/apache/spark/sql/SparkSessionBuilderSuite.scala,159 days 14:36:00
sql/core/src/test/scala/org/apache/spark/sql/SparkSessionExtensionSuite.scala,261 days 14:50:00
sql/core/src/test/scala/org/apache/spark/sql/StatisticsCollectionSuite.scala,114 days 16:03:00
sql/core/src/test/scala/org/apache/spark/sql/StatisticsCollectionTestBase.scala,117 days 09:04:00
sql/core/src/test/scala/org/apache/spark/sql/SubquerySuite.scala,10 days 10:25:00
sql/core/src/test/scala/org/apache/spark/sql/TPCDSQuerySuite.scala,
sql/core/src/test/scala/org/apache/spark/sql/TPCDSSchema.scala,
sql/core/src/test/scala/org/apache/spark/sql/TPCHQuerySuite.scala,
sql/core/src/test/scala/org/apache/spark/sql/TestQueryExecutionListener.scala,
sql/core/src/test/scala/org/apache/spark/sql/TypedImperativeAggregateSuite.scala,
sql/core/src/test/scala/org/apache/spark/sql/UDFSuite.scala,254 days 07:19:00
sql/core/src/test/scala/org/apache/spark/sql/UserDefinedTypeSuite.scala,123 days 14:11:00
sql/core/src/test/scala/org/apache/spark/sql/connector/AlterTableTests.scala,107 days 18:43:00
sql/core/src/test/scala/org/apache/spark/sql/connector/DataSourceV2DataFrameSessionCatalogSuite.scala,95 days 00:26:00
sql/core/src/test/scala/org/apache/spark/sql/connector/DataSourceV2DataFrameSuite.scala,8 days 19:58:00
sql/core/src/test/scala/org/apache/spark/sql/connector/DataSourceV2SQLSessionCatalogSuite.scala,95 days 00:26:00
sql/core/src/test/scala/org/apache/spark/sql/connector/DataSourceV2SQLSuite.scala,9 days 13:33:00
sql/core/src/test/scala/org/apache/spark/sql/connector/DataSourceV2Suite.scala,365 days 12:14:00
sql/core/src/test/scala/org/apache/spark/sql/connector/DataSourceV2UtilsSuite.scala,
sql/core/src/test/scala/org/apache/spark/sql/connector/FileDataSourceV2FallBackSuite.scala,
sql/core/src/test/scala/org/apache/spark/sql/connector/InsertIntoTests.scala,141 days 01:21:00
sql/core/src/test/scala/org/apache/spark/sql/connector/SimpleWritableDataSource.scala,
sql/core/src/test/scala/org/apache/spark/sql/connector/SupportsCatalogOptionsSuite.scala,114 days 06:43:00
sql/core/src/test/scala/org/apache/spark/sql/connector/TableCapabilityCheckSuite.scala,
sql/core/src/test/scala/org/apache/spark/sql/connector/TestV2SessionCatalogBase.scala,114 days 06:43:00
sql/core/src/test/scala/org/apache/spark/sql/connector/V1ReadFallbackSuite.scala,
sql/core/src/test/scala/org/apache/spark/sql/connector/V1WriteFallbackSuite.scala,
sql/core/src/test/scala/org/apache/spark/sql/connector/V2CommandsCaseSensitivitySuite.scala,107 days 18:43:00
sql/core/src/test/scala/org/apache/spark/sql/execution/AggregatingAccumulatorSuite.scala,
sql/core/src/test/scala/org/apache/spark/sql/execution/BroadcastExchangeSuite.scala,
sql/core/src/test/scala/org/apache/spark/sql/execution/DataSourceScanExecRedactionSuite.scala,39 days 07:30:00
sql/core/src/test/scala/org/apache/spark/sql/execution/ExchangeSuite.scala,
sql/core/src/test/scala/org/apache/spark/sql/execution/ExternalAppendOnlyUnsafeRowArrayBenchmark.scala,
sql/core/src/test/scala/org/apache/spark/sql/execution/ExternalAppendOnlyUnsafeRowArraySuite.scala,247 days 23:24:00
sql/core/src/test/scala/org/apache/spark/sql/execution/GlobalTempViewSuite.scala,
sql/core/src/test/scala/org/apache/spark/sql/execution/LogicalPlanTagInSparkPlanSuite.scala,
sql/core/src/test/scala/org/apache/spark/sql/execution/OptimizeMetadataOnlyQuerySuite.scala,
sql/core/src/test/scala/org/apache/spark/sql/execution/PlannerSuite.scala,50 days 13:33:00
sql/core/src/test/scala/org/apache/spark/sql/execution/QueryExecutionSuite.scala,
sql/core/src/test/scala/org/apache/spark/sql/execution/QueryPlanningTrackerEndToEndSuite.scala,
sql/core/src/test/scala/org/apache/spark/sql/execution/ReferenceSort.scala,
sql/core/src/test/scala/org/apache/spark/sql/execution/SQLExecutionSuite.scala,314 days 16:31:00
sql/core/src/test/scala/org/apache/spark/sql/execution/SQLViewSuite.scala,34 days 03:02:00
sql/core/src/test/scala/org/apache/spark/sql/execution/SameResultSuite.scala,
sql/core/src/test/scala/org/apache/spark/sql/execution/ShufflePartitionsUtilSuite.scala,
sql/core/src/test/scala/org/apache/spark/sql/execution/SparkPlanTest.scala,
sql/core/src/test/scala/org/apache/spark/sql/execution/SparkPlannerSuite.scala,
sql/core/src/test/scala/org/apache/spark/sql/execution/SparkSqlParserSuite.scala,349 days 08:50:00
sql/core/src/test/scala/org/apache/spark/sql/execution/TakeOrderedAndProjectSuite.scala,
sql/core/src/test/scala/org/apache/spark/sql/execution/UnsafeFixedWidthAggregationMapSuite.scala,
sql/core/src/test/scala/org/apache/spark/sql/execution/UnsafeKVExternalSorterSuite.scala,225 days 08:34:00
sql/core/src/test/scala/org/apache/spark/sql/execution/UnsafeRowSerializerSuite.scala,
sql/core/src/test/scala/org/apache/spark/sql/execution/WholeStageCodegenSparkSubmitSuite.scala,149 days 10:51:00
sql/core/src/test/scala/org/apache/spark/sql/execution/WholeStageCodegenSuite.scala,
sql/core/src/test/scala/org/apache/spark/sql/execution/adaptive/AdaptiveQueryExecSuite.scala,91 days 22:11:00
sql/core/src/test/scala/org/apache/spark/sql/execution/adaptive/AdaptiveTestUtils.scala,
sql/core/src/test/scala/org/apache/spark/sql/execution/aggregate/SortBasedAggregationStoreSuite.scala,
sql/core/src/test/scala/org/apache/spark/sql/execution/arrow/ArrowConvertersSuite.scala,
sql/core/src/test/scala/org/apache/spark/sql/execution/arrow/ArrowWriterSuite.scala,
sql/core/src/test/scala/org/apache/spark/sql/execution/benchmark/AggregateBenchmark.scala,
sql/core/src/test/scala/org/apache/spark/sql/execution/benchmark/BloomFilterBenchmark.scala,
sql/core/src/test/scala/org/apache/spark/sql/execution/benchmark/BuiltInDataSourceWriteBenchmark.scala,
sql/core/src/test/scala/org/apache/spark/sql/execution/benchmark/DataSourceReadBenchmark.scala,
sql/core/src/test/scala/org/apache/spark/sql/execution/benchmark/DataSourceWriteBenchmark.scala,
sql/core/src/test/scala/org/apache/spark/sql/execution/benchmark/DateTimeBenchmark.scala,135 days 06:53:00
sql/core/src/test/scala/org/apache/spark/sql/execution/benchmark/DateTimeRebaseBenchmark.scala,
sql/core/src/test/scala/org/apache/spark/sql/execution/benchmark/ExtractBenchmark.scala,133 days 15:55:00
sql/core/src/test/scala/org/apache/spark/sql/execution/benchmark/FilterPushdownBenchmark.scala,
sql/core/src/test/scala/org/apache/spark/sql/execution/benchmark/HashedRelationMetricsBenchmark.scala,
sql/core/src/test/scala/org/apache/spark/sql/execution/benchmark/InExpressionBenchmark.scala,
sql/core/src/test/scala/org/apache/spark/sql/execution/benchmark/IntervalBenchmark.scala,12 days 08:31:00
sql/core/src/test/scala/org/apache/spark/sql/execution/benchmark/JoinBenchmark.scala,
sql/core/src/test/scala/org/apache/spark/sql/execution/benchmark/MakeDateTimeBenchmark.scala,
sql/core/src/test/scala/org/apache/spark/sql/execution/benchmark/MiscBenchmark.scala,
sql/core/src/test/scala/org/apache/spark/sql/execution/benchmark/NestedSchemaPruningBenchmark.scala,
sql/core/src/test/scala/org/apache/spark/sql/execution/benchmark/OrcNestedSchemaPruningBenchmark.scala,
sql/core/src/test/scala/org/apache/spark/sql/execution/benchmark/ParquetNestedPredicatePushDownBenchmark.scala,
sql/core/src/test/scala/org/apache/spark/sql/execution/benchmark/PrimitiveArrayBenchmark.scala,
sql/core/src/test/scala/org/apache/spark/sql/execution/benchmark/RangeBenchmark.scala,
sql/core/src/test/scala/org/apache/spark/sql/execution/benchmark/SortBenchmark.scala,
sql/core/src/test/scala/org/apache/spark/sql/execution/benchmark/SqlBasedBenchmark.scala,
sql/core/src/test/scala/org/apache/spark/sql/execution/benchmark/TPCDSQueryBenchmark.scala,86 days 03:42:00
sql/core/src/test/scala/org/apache/spark/sql/execution/benchmark/UDFBenchmark.scala,
sql/core/src/test/scala/org/apache/spark/sql/execution/benchmark/UnsafeArrayDataBenchmark.scala,169 days 08:36:00
sql/core/src/test/scala/org/apache/spark/sql/execution/benchmark/WideSchemaBenchmark.scala,
sql/core/src/test/scala/org/apache/spark/sql/execution/benchmark/WideTableBenchmark.scala,
sql/core/src/test/scala/org/apache/spark/sql/execution/columnar/ColumnStatsSuite.scala,
sql/core/src/test/scala/org/apache/spark/sql/execution/columnar/ColumnTypeSuite.scala,
sql/core/src/test/scala/org/apache/spark/sql/execution/columnar/ColumnarTestUtils.scala,
sql/core/src/test/scala/org/apache/spark/sql/execution/columnar/InMemoryColumnarQuerySuite.scala,
sql/core/src/test/scala/org/apache/spark/sql/execution/columnar/NullableColumnAccessorSuite.scala,
sql/core/src/test/scala/org/apache/spark/sql/execution/columnar/NullableColumnBuilderSuite.scala,
sql/core/src/test/scala/org/apache/spark/sql/execution/columnar/PartitionBatchPruningSuite.scala,
sql/core/src/test/scala/org/apache/spark/sql/execution/columnar/compression/BooleanBitSetSuite.scala,296 days 21:24:00
sql/core/src/test/scala/org/apache/spark/sql/execution/columnar/compression/CompressionSchemeBenchmark.scala,
sql/core/src/test/scala/org/apache/spark/sql/execution/columnar/compression/DictionaryEncodingSuite.scala,
sql/core/src/test/scala/org/apache/spark/sql/execution/columnar/compression/IntegralDeltaSuite.scala,
sql/core/src/test/scala/org/apache/spark/sql/execution/columnar/compression/PassThroughEncodingSuite.scala,
sql/core/src/test/scala/org/apache/spark/sql/execution/columnar/compression/RunLengthEncodingSuite.scala,
sql/core/src/test/scala/org/apache/spark/sql/execution/columnar/compression/TestCompressibleColumnBuilder.scala,
sql/core/src/test/scala/org/apache/spark/sql/execution/command/DDLParserSuite.scala,49 days 08:20:00
sql/core/src/test/scala/org/apache/spark/sql/execution/command/DDLSuite.scala,51 days 22:09:00
sql/core/src/test/scala/org/apache/spark/sql/execution/command/PlanResolutionSuite.scala,24 days 12:14:00
sql/core/src/test/scala/org/apache/spark/sql/execution/datasources/BasicWriteTaskStatsTrackerSuite.scala,
sql/core/src/test/scala/org/apache/spark/sql/execution/datasources/DataSourceStrategySuite.scala,
sql/core/src/test/scala/org/apache/spark/sql/execution/datasources/FileIndexSuite.scala,
sql/core/src/test/scala/org/apache/spark/sql/execution/datasources/FileSourceStrategySuite.scala,
sql/core/src/test/scala/org/apache/spark/sql/execution/datasources/HadoopFileLinesReaderSuite.scala,
sql/core/src/test/scala/org/apache/spark/sql/execution/datasources/ReadSchemaSuite.scala,
sql/core/src/test/scala/org/apache/spark/sql/execution/datasources/SchemaPruningSuite.scala,248 days 02:14:00
sql/core/src/test/scala/org/apache/spark/sql/execution/datasources/binaryfile/BinaryFileFormatSuite.scala,169 days 08:36:00
sql/core/src/test/scala/org/apache/spark/sql/execution/datasources/csv/CSVBenchmark.scala,
sql/core/src/test/scala/org/apache/spark/sql/execution/datasources/csv/TestCsvData.scala,
sql/core/src/test/scala/org/apache/spark/sql/execution/datasources/json/JsonBenchmark.scala,244 days 15:53:00
sql/core/src/test/scala/org/apache/spark/sql/execution/datasources/json/TestJsonData.scala,
sql/core/src/test/scala/org/apache/spark/sql/execution/datasources/orc/OrcColumnarBatchReaderSuite.scala,
sql/core/src/test/scala/org/apache/spark/sql/execution/datasources/orc/OrcPartitionDiscoverySuite.scala,
sql/core/src/test/scala/org/apache/spark/sql/execution/datasources/orc/OrcQuerySuite.scala,
sql/core/src/test/scala/org/apache/spark/sql/execution/datasources/orc/OrcSourceSuite.scala,165 days 23:28:00
sql/core/src/test/scala/org/apache/spark/sql/execution/datasources/orc/OrcTest.scala,
sql/core/src/test/scala/org/apache/spark/sql/execution/datasources/orc/OrcV1FilterSuite.scala,
sql/core/src/test/scala/org/apache/spark/sql/execution/datasources/orc/OrcV1SchemaPruningSuite.scala,
sql/core/src/test/scala/org/apache/spark/sql/execution/datasources/orc/OrcV2SchemaPruningSuite.scala,
sql/core/src/test/scala/org/apache/spark/sql/execution/datasources/parquet/ParquetAvroCompatibilitySuite.scala,
sql/core/src/test/scala/org/apache/spark/sql/execution/datasources/parquet/ParquetCommitterSuite.scala,
sql/core/src/test/scala/org/apache/spark/sql/execution/datasources/parquet/ParquetCompatibilityTest.scala,
sql/core/src/test/scala/org/apache/spark/sql/execution/datasources/parquet/ParquetCompressionCodecPrecedenceSuite.scala,
sql/core/src/test/scala/org/apache/spark/sql/execution/datasources/parquet/ParquetFileFormatSuite.scala,
sql/core/src/test/scala/org/apache/spark/sql/execution/datasources/parquet/ParquetFilterSuite.scala,108 days 06:24:00
sql/core/src/test/scala/org/apache/spark/sql/execution/datasources/parquet/ParquetIOSuite.scala,
sql/core/src/test/scala/org/apache/spark/sql/execution/datasources/parquet/ParquetInteroperabilitySuite.scala,100 days 17:03:00
sql/core/src/test/scala/org/apache/spark/sql/execution/datasources/parquet/ParquetQuerySuite.scala,
sql/core/src/test/scala/org/apache/spark/sql/execution/datasources/parquet/ParquetSchemaPruningSuite.scala,
sql/core/src/test/scala/org/apache/spark/sql/execution/datasources/parquet/ParquetTest.scala,216 days 10:45:00
sql/core/src/test/scala/org/apache/spark/sql/execution/datasources/text/TextSuite.scala,24 days 11:16:00
sql/core/src/test/scala/org/apache/spark/sql/execution/datasources/text/WholeTextFileSuite.scala,
sql/core/src/test/scala/org/apache/spark/sql/execution/datasources/v2/FileTableSuite.scala,
sql/core/src/test/scala/org/apache/spark/sql/execution/datasources/v2/V2SessionCatalogSuite.scala,
sql/core/src/test/scala/org/apache/spark/sql/execution/debug/DebuggingSuite.scala,
sql/core/src/test/scala/org/apache/spark/sql/execution/joins/BroadcastJoinSuite.scala,171 days 18:28:00
sql/core/src/test/scala/org/apache/spark/sql/execution/joins/ExistenceJoinSuite.scala,
sql/core/src/test/scala/org/apache/spark/sql/execution/joins/InnerJoinSuite.scala,
sql/core/src/test/scala/org/apache/spark/sql/execution/joins/OuterJoinSuite.scala,
sql/core/src/test/scala/org/apache/spark/sql/execution/metric/SQLMetricsSuite.scala,149 days 13:47:00
sql/core/src/test/scala/org/apache/spark/sql/execution/metric/SQLMetricsTestUtils.scala,149 days 13:47:00
sql/core/src/test/scala/org/apache/spark/sql/execution/python/BatchEvalPythonExecSuite.scala,
sql/core/src/test/scala/org/apache/spark/sql/execution/python/ExtractPythonUDFsSuite.scala,
sql/core/src/test/scala/org/apache/spark/sql/execution/python/PythonForeachWriterSuite.scala,
sql/core/src/test/scala/org/apache/spark/sql/execution/python/RowQueueSuite.scala,
sql/core/src/test/scala/org/apache/spark/sql/execution/streaming/CheckpointFileManagerSuite.scala,
sql/core/src/test/scala/org/apache/spark/sql/execution/streaming/CompactibleFileStreamLogSuite.scala,
sql/core/src/test/scala/org/apache/spark/sql/execution/streaming/HDFSMetadataLogSuite.scala,
sql/core/src/test/scala/org/apache/spark/sql/execution/streaming/MemorySinkSuite.scala,
sql/core/src/test/scala/org/apache/spark/sql/execution/streaming/OffsetSeqLogSuite.scala,
sql/core/src/test/scala/org/apache/spark/sql/execution/streaming/ProcessingTimeExecutorSuite.scala,
sql/core/src/test/scala/org/apache/spark/sql/execution/streaming/sources/ForeachBatchSinkSuite.scala,
sql/core/src/test/scala/org/apache/spark/sql/execution/streaming/sources/ForeachWriterSuite.scala,
sql/core/src/test/scala/org/apache/spark/sql/execution/streaming/sources/RateStreamProviderSuite.scala,
sql/core/src/test/scala/org/apache/spark/sql/execution/streaming/sources/TextSocketStreamSuite.scala,0 days 22:10:00
sql/core/src/test/scala/org/apache/spark/sql/execution/streaming/state/StateStoreCoordinatorSuite.scala,
sql/core/src/test/scala/org/apache/spark/sql/execution/streaming/state/StateStoreRDDSuite.scala,
sql/core/src/test/scala/org/apache/spark/sql/execution/streaming/state/StateStoreSuite.scala,
sql/core/src/test/scala/org/apache/spark/sql/execution/streaming/state/SymmetricHashJoinStateManagerSuite.scala,
sql/core/src/test/scala/org/apache/spark/sql/execution/ui/AllExecutionsPageSuite.scala,179 days 11:56:00
sql/core/src/test/scala/org/apache/spark/sql/execution/ui/MetricsAggregationBenchmark.scala,
sql/core/src/test/scala/org/apache/spark/sql/execution/ui/SQLAppStatusListenerSuite.scala,149 days 13:47:00
sql/core/src/test/scala/org/apache/spark/sql/execution/vectorized/ColumnVectorSuite.scala,
sql/core/src/test/scala/org/apache/spark/sql/execution/vectorized/ColumnarBatchBenchmark.scala,
sql/core/src/test/scala/org/apache/spark/sql/execution/vectorized/ColumnarBatchSuite.scala,197 days 13:04:00
sql/core/src/test/scala/org/apache/spark/sql/expressions/ExpressionInfoSuite.scala,
sql/core/src/test/scala/org/apache/spark/sql/internal/CatalogSuite.scala,125 days 02:46:00
sql/core/src/test/scala/org/apache/spark/sql/internal/ExecutorSideSQLConfSuite.scala,80 days 17:08:00
sql/core/src/test/scala/org/apache/spark/sql/internal/SQLConfSuite.scala,467 days 08:31:00
sql/core/src/test/scala/org/apache/spark/sql/internal/SharedStateSuite.scala,
sql/core/src/test/scala/org/apache/spark/sql/jdbc/JDBCSuite.scala,265 days 05:57:00
sql/core/src/test/scala/org/apache/spark/sql/jdbc/JDBCWriteSuite.scala,
sql/core/src/test/scala/org/apache/spark/sql/sources/BucketedReadSuite.scala,50 days 13:33:00
sql/core/src/test/scala/org/apache/spark/sql/sources/BucketedWriteSuite.scala,125 days 02:46:00
sql/core/src/test/scala/org/apache/spark/sql/sources/CreateTableAsSelectSuite.scala,
sql/core/src/test/scala/org/apache/spark/sql/sources/DDLSourceLoadSuite.scala,
sql/core/src/test/scala/org/apache/spark/sql/sources/DataSourceAnalysisSuite.scala,
sql/core/src/test/scala/org/apache/spark/sql/sources/DataSourceTest.scala,
sql/core/src/test/scala/org/apache/spark/sql/sources/FilteredScanSuite.scala,
sql/core/src/test/scala/org/apache/spark/sql/sources/FiltersSuite.scala,
sql/core/src/test/scala/org/apache/spark/sql/sources/InsertSuite.scala,
sql/core/src/test/scala/org/apache/spark/sql/sources/PartitionedWriteSuite.scala,
sql/core/src/test/scala/org/apache/spark/sql/sources/PathOptionSuite.scala,
sql/core/src/test/scala/org/apache/spark/sql/sources/PrunedScanSuite.scala,
sql/core/src/test/scala/org/apache/spark/sql/sources/ResolvedDataSourceSuite.scala,
sql/core/src/test/scala/org/apache/spark/sql/sources/SaveLoadSuite.scala,
sql/core/src/test/scala/org/apache/spark/sql/sources/TableScanSuite.scala,
sql/core/src/test/scala/org/apache/spark/sql/sources/fakeExternalSources.scala,
sql/core/src/test/scala/org/apache/spark/sql/streaming/EventTimeWatermarkSuite.scala,
sql/core/src/test/scala/org/apache/spark/sql/streaming/FileStreamSinkSuite.scala,24 days 11:16:00
sql/core/src/test/scala/org/apache/spark/sql/streaming/FileStreamSourceSuite.scala,20 days 23:14:00
sql/core/src/test/scala/org/apache/spark/sql/streaming/FlatMapGroupsWithStateSuite.scala,
sql/core/src/test/scala/org/apache/spark/sql/streaming/OffsetSuite.scala,
sql/core/src/test/scala/org/apache/spark/sql/streaming/StateStoreMetricsTest.scala,
sql/core/src/test/scala/org/apache/spark/sql/streaming/StreamSuite.scala,
sql/core/src/test/scala/org/apache/spark/sql/streaming/StreamTest.scala,169 days 08:36:00
sql/core/src/test/scala/org/apache/spark/sql/streaming/StreamingAggregationSuite.scala,149 days 19:39:00
sql/core/src/test/scala/org/apache/spark/sql/streaming/StreamingDeduplicationSuite.scala,149 days 19:39:00
sql/core/src/test/scala/org/apache/spark/sql/streaming/StreamingJoinSuite.scala,246 days 12:01:00
sql/core/src/test/scala/org/apache/spark/sql/streaming/StreamingQueryListenerSuite.scala,
sql/core/src/test/scala/org/apache/spark/sql/streaming/StreamingQueryListenersConfSuite.scala,
sql/core/src/test/scala/org/apache/spark/sql/streaming/StreamingQueryManagerSuite.scala,
sql/core/src/test/scala/org/apache/spark/sql/streaming/StreamingQueryStatusAndProgressSuite.scala,22 days 14:11:00
sql/core/src/test/scala/org/apache/spark/sql/streaming/StreamingQuerySuite.scala,
sql/core/src/test/scala/org/apache/spark/sql/streaming/continuous/ContinuousQueryStatusAndProgressSuite.scala,
sql/core/src/test/scala/org/apache/spark/sql/streaming/continuous/ContinuousQueuedDataReaderSuite.scala,
sql/core/src/test/scala/org/apache/spark/sql/streaming/continuous/ContinuousSuite.scala,0 days 22:10:00
sql/core/src/test/scala/org/apache/spark/sql/streaming/continuous/EpochCoordinatorSuite.scala,
sql/core/src/test/scala/org/apache/spark/sql/streaming/sources/StreamingDataSourceV2Suite.scala,
sql/core/src/test/scala/org/apache/spark/sql/streaming/test/DataStreamReaderWriterSuite.scala,
sql/core/src/test/scala/org/apache/spark/sql/streaming/ui/StreamingQueryPageSuite.scala,
sql/core/src/test/scala/org/apache/spark/sql/streaming/util/BlockOnStopSource.scala,
sql/core/src/test/scala/org/apache/spark/sql/streaming/util/BlockingSource.scala,
sql/core/src/test/scala/org/apache/spark/sql/test/DataFrameReaderWriterSuite.scala,265 days 05:57:00
sql/core/src/test/scala/org/apache/spark/sql/test/GenericFlatSpecSuite.scala,
sql/core/src/test/scala/org/apache/spark/sql/test/GenericFunSpecSuite.scala,
sql/core/src/test/scala/org/apache/spark/sql/test/GenericWordSpecSuite.scala,
sql/core/src/test/scala/org/apache/spark/sql/test/ProcessTestUtils.scala,
sql/core/src/test/scala/org/apache/spark/sql/test/SQLTestData.scala,
sql/core/src/test/scala/org/apache/spark/sql/test/SQLTestUtils.scala,
sql/core/src/test/scala/org/apache/spark/sql/test/SharedSparkSession.scala,
sql/core/src/test/scala/org/apache/spark/sql/test/TestSQLContext.scala,
sql/core/src/test/scala/org/apache/spark/sql/util/DataFrameCallbackSuite.scala,
sql/core/src/test/scala/org/apache/spark/sql/util/ExecutionListenerManagerSuite.scala,
sql/core/v1.2/src/test/scala/org/apache/spark/sql/execution/datasources/orc/OrcFilterSuite.scala,173 days 17:46:00
sql/core/v2.3/src/test/scala/org/apache/spark/sql/execution/datasources/orc/OrcFilterSuite.scala,173 days 17:46:00
sql/hive-thriftserver/src/test/scala/org/apache/spark/sql/hive/thriftserver/CliSuite.scala,28 days 20:49:00
sql/hive-thriftserver/src/test/scala/org/apache/spark/sql/hive/thriftserver/DummyListeners.scala,
sql/hive-thriftserver/src/test/scala/org/apache/spark/sql/hive/thriftserver/HiveCliSessionStateSuite.scala,
sql/hive-thriftserver/src/test/scala/org/apache/spark/sql/hive/thriftserver/HiveThriftServer2Suites.scala,41 days 06:55:00
sql/hive-thriftserver/src/test/scala/org/apache/spark/sql/hive/thriftserver/SharedThriftServer.scala,211 days 06:55:00
sql/hive-thriftserver/src/test/scala/org/apache/spark/sql/hive/thriftserver/SparkMetadataOperationSuite.scala,
sql/hive-thriftserver/src/test/scala/org/apache/spark/sql/hive/thriftserver/SparkSQLEnvSuite.scala,199 days 03:44:00
sql/hive-thriftserver/src/test/scala/org/apache/spark/sql/hive/thriftserver/SparkThriftServerProtocolVersionsSuite.scala,114 days 18:22:00
sql/hive-thriftserver/src/test/scala/org/apache/spark/sql/hive/thriftserver/ThriftServerQueryTestSuite.scala,17 days 07:01:00
sql/hive-thriftserver/src/test/scala/org/apache/spark/sql/hive/thriftserver/UISeleniumSuite.scala,
sql/hive-thriftserver/src/test/scala/org/apache/spark/sql/hive/thriftserver/ui/HiveThriftServer2ListenerSuite.scala,162 days 16:33:00
sql/hive-thriftserver/src/test/scala/org/apache/spark/sql/hive/thriftserver/ui/ThriftServerPageSuite.scala,
sql/hive/compatibility/src/test/scala/org/apache/spark/sql/hive/execution/HiveCompatibilitySuite.scala,
sql/hive/compatibility/src/test/scala/org/apache/spark/sql/hive/execution/HiveWindowFunctionQuerySuite.scala,
sql/hive/src/test/resources/regression-test-SPARK-8489/Main.scala,
sql/hive/src/test/scala/org/apache/spark/sql/execution/benchmark/ObjectHashAggregateExecBenchmark.scala,
sql/hive/src/test/scala/org/apache/spark/sql/hive/CachedTableSuite.scala,114 days 06:43:00
sql/hive/src/test/scala/org/apache/spark/sql/hive/ClasspathDependenciesSuite.scala,
sql/hive/src/test/scala/org/apache/spark/sql/hive/CompressionCodecSuite.scala,
sql/hive/src/test/scala/org/apache/spark/sql/hive/ErrorPositionSuite.scala,
sql/hive/src/test/scala/org/apache/spark/sql/hive/HiveContextCompatibilitySuite.scala,
sql/hive/src/test/scala/org/apache/spark/sql/hive/HiveExternalCatalogSuite.scala,28 days 21:43:00
sql/hive/src/test/scala/org/apache/spark/sql/hive/HiveExternalCatalogVersionsSuite.scala,9 days 18:13:00
sql/hive/src/test/scala/org/apache/spark/sql/hive/HiveExternalSessionCatalogSuite.scala,
sql/hive/src/test/scala/org/apache/spark/sql/hive/HiveInspectorSuite.scala,
sql/hive/src/test/scala/org/apache/spark/sql/hive/HiveMetadataCacheSuite.scala,
sql/hive/src/test/scala/org/apache/spark/sql/hive/HiveMetastoreCatalogSuite.scala,15 days 03:12:00
sql/hive/src/test/scala/org/apache/spark/sql/hive/HiveParquetMetastoreSuite.scala,
sql/hive/src/test/scala/org/apache/spark/sql/hive/HiveParquetSourceSuite.scala,
sql/hive/src/test/scala/org/apache/spark/sql/hive/HiveSchemaInferenceSuite.scala,
sql/hive/src/test/scala/org/apache/spark/sql/hive/HiveSessionStateSuite.scala,
sql/hive/src/test/scala/org/apache/spark/sql/hive/HiveShowCreateTableSuite.scala,114 days 06:43:00
sql/hive/src/test/scala/org/apache/spark/sql/hive/HiveSparkSubmitSuite.scala,140 days 03:45:00
sql/hive/src/test/scala/org/apache/spark/sql/hive/HiveUserDefinedTypeSuite.scala,
sql/hive/src/test/scala/org/apache/spark/sql/hive/HiveUtilsSuite.scala,
sql/hive/src/test/scala/org/apache/spark/sql/hive/InsertSuite.scala,42 days 11:11:00
sql/hive/src/test/scala/org/apache/spark/sql/hive/ListTablesSuite.scala,
sql/hive/src/test/scala/org/apache/spark/sql/hive/MetastoreDataSourcesSuite.scala,
sql/hive/src/test/scala/org/apache/spark/sql/hive/MultiDatabaseSuite.scala,
sql/hive/src/test/scala/org/apache/spark/sql/hive/OptimizeHiveMetadataOnlyQuerySuite.scala,
sql/hive/src/test/scala/org/apache/spark/sql/hive/ParquetHiveCompatibilitySuite.scala,
sql/hive/src/test/scala/org/apache/spark/sql/hive/PartitionProviderCompatibilitySuite.scala,
sql/hive/src/test/scala/org/apache/spark/sql/hive/PartitionedTablePerfStatsSuite.scala,
sql/hive/src/test/scala/org/apache/spark/sql/hive/QueryPartitionSuite.scala,
sql/hive/src/test/scala/org/apache/spark/sql/hive/SparkSubmitTestUtils.scala,
sql/hive/src/test/scala/org/apache/spark/sql/hive/StatisticsSuite.scala,
sql/hive/src/test/scala/org/apache/spark/sql/hive/UDFSuite.scala,
sql/hive/src/test/scala/org/apache/spark/sql/hive/client/FiltersSuite.scala,
sql/hive/src/test/scala/org/apache/spark/sql/hive/client/HiveClientBuilder.scala,254 days 15:50:00
sql/hive/src/test/scala/org/apache/spark/sql/hive/client/HivePartitionFilteringSuite.scala,
sql/hive/src/test/scala/org/apache/spark/sql/hive/client/HiveVersionSuite.scala,
sql/hive/src/test/scala/org/apache/spark/sql/hive/execution/AggregationQuerySuite.scala,
sql/hive/src/test/scala/org/apache/spark/sql/hive/execution/HiveCommandSuite.scala,134 days 04:03:00
sql/hive/src/test/scala/org/apache/spark/sql/hive/execution/HiveComparisonTest.scala,107 days 09:15:00
sql/hive/src/test/scala/org/apache/spark/sql/hive/execution/HiveQueryFileTest.scala,
sql/hive/src/test/scala/org/apache/spark/sql/hive/execution/HiveSerDeReadWriteSuite.scala,
sql/hive/src/test/scala/org/apache/spark/sql/hive/execution/HiveSerDeSuite.scala,
sql/hive/src/test/scala/org/apache/spark/sql/hive/execution/HiveTableScanSuite.scala,
sql/hive/src/test/scala/org/apache/spark/sql/hive/execution/HiveUDAFSuite.scala,
sql/hive/src/test/scala/org/apache/spark/sql/hive/execution/HiveUDFSuite.scala,
sql/hive/src/test/scala/org/apache/spark/sql/hive/execution/Hive_2_1_DDLSuite.scala,
sql/hive/src/test/scala/org/apache/spark/sql/hive/execution/ObjectHashAggregateSuite.scala,
sql/hive/src/test/scala/org/apache/spark/sql/hive/execution/PruningSuite.scala,
sql/hive/src/test/scala/org/apache/spark/sql/hive/execution/SQLQuerySuite.scala,154 days 07:42:00
sql/hive/src/test/scala/org/apache/spark/sql/hive/execution/ScriptTransformationSuite.scala,
sql/hive/src/test/scala/org/apache/spark/sql/hive/execution/TestingTypedCount.scala,
sql/hive/src/test/scala/org/apache/spark/sql/hive/execution/UDAQuerySuite.scala,247 days 18:05:00
sql/hive/src/test/scala/org/apache/spark/sql/hive/orc/HiveOrcFilterSuite.scala,
sql/hive/src/test/scala/org/apache/spark/sql/hive/orc/HiveOrcQuerySuite.scala,253 days 19:38:00
sql/hive/src/test/scala/org/apache/spark/sql/hive/orc/HiveOrcSourceSuite.scala,181 days 16:12:00
sql/hive/src/test/scala/org/apache/spark/sql/hive/orc/OrcHadoopFsRelationSuite.scala,
sql/hive/src/test/scala/org/apache/spark/sql/hive/orc/OrcReadBenchmark.scala,
sql/hive/src/test/scala/org/apache/spark/sql/hive/test/TestHive.scala,125 days 02:46:00
sql/hive/src/test/scala/org/apache/spark/sql/hive/test/TestHiveSingleton.scala,
sql/hive/src/test/scala/org/apache/spark/sql/sources/BucketedReadWithHiveSupportSuite.scala,125 days 02:46:00
sql/hive/src/test/scala/org/apache/spark/sql/sources/BucketedWriteWithHiveSupportSuite.scala,125 days 02:46:00
sql/hive/src/test/scala/org/apache/spark/sql/sources/CommitFailureTestSource.scala,
sql/hive/src/test/scala/org/apache/spark/sql/sources/HadoopFsRelationTest.scala,
sql/hive/src/test/scala/org/apache/spark/sql/sources/JsonHadoopFsRelationSuite.scala,
sql/hive/src/test/scala/org/apache/spark/sql/sources/ParquetHadoopFsRelationSuite.scala,
sql/hive/src/test/scala/org/apache/spark/sql/sources/SimpleTextHadoopFsRelationSuite.scala,
sql/hive/src/test/scala/org/apache/spark/sql/sources/SimpleTextRelation.scala,
streaming/src/test/scala/org/apache/spark/streaming/BasicOperationsSuite.scala,
streaming/src/test/scala/org/apache/spark/streaming/CheckpointSuite.scala,42 days 06:12:00
streaming/src/test/scala/org/apache/spark/streaming/DStreamClosureSuite.scala,
streaming/src/test/scala/org/apache/spark/streaming/DStreamScopeSuite.scala,
streaming/src/test/scala/org/apache/spark/streaming/InputStreamsSuite.scala,
streaming/src/test/scala/org/apache/spark/streaming/LocalStreamingContext.scala,
streaming/src/test/scala/org/apache/spark/streaming/MapWithStateSuite.scala,
streaming/src/test/scala/org/apache/spark/streaming/MasterFailureTest.scala,
streaming/src/test/scala/org/apache/spark/streaming/ReceivedBlockHandlerSuite.scala,
streaming/src/test/scala/org/apache/spark/streaming/ReceivedBlockTrackerSuite.scala,
streaming/src/test/scala/org/apache/spark/streaming/ReceiverInputDStreamSuite.scala,
streaming/src/test/scala/org/apache/spark/streaming/ReceiverSuite.scala,
streaming/src/test/scala/org/apache/spark/streaming/StateMapSuite.scala,
streaming/src/test/scala/org/apache/spark/streaming/StreamingContextSuite.scala,
streaming/src/test/scala/org/apache/spark/streaming/StreamingListenerSuite.scala,
streaming/src/test/scala/org/apache/spark/streaming/TestSuiteBase.scala,
streaming/src/test/scala/org/apache/spark/streaming/UISeleniumSuite.scala,
streaming/src/test/scala/org/apache/spark/streaming/WindowOperationsSuite.scala,
streaming/src/test/scala/org/apache/spark/streaming/rdd/MapWithStateRDDSuite.scala,
streaming/src/test/scala/org/apache/spark/streaming/rdd/WriteAheadLogBackedBlockRDDSuite.scala,
streaming/src/test/scala/org/apache/spark/streaming/receiver/BlockGeneratorSuite.scala,
streaming/src/test/scala/org/apache/spark/streaming/scheduler/ExecutorAllocationManagerSuite.scala,
streaming/src/test/scala/org/apache/spark/streaming/scheduler/InputInfoTrackerSuite.scala,
streaming/src/test/scala/org/apache/spark/streaming/scheduler/JobGeneratorSuite.scala,
streaming/src/test/scala/org/apache/spark/streaming/scheduler/RateControllerSuite.scala,
streaming/src/test/scala/org/apache/spark/streaming/scheduler/ReceiverTrackerSuite.scala,
streaming/src/test/scala/org/apache/spark/streaming/scheduler/rate/PIDRateEstimatorSuite.scala,
streaming/src/test/scala/org/apache/spark/streaming/ui/StreamingJobProgressListenerSuite.scala,
streaming/src/test/scala/org/apache/spark/streaming/ui/UIUtilsSuite.scala,
streaming/src/test/scala/org/apache/spark/streaming/util/RateLimitedOutputStreamSuite.scala,
streaming/src/test/scala/org/apache/spark/streaming/util/RecurringTimerSuite.scala,
streaming/src/test/scala/org/apache/spark/streaming/util/WriteAheadLogSuite.scala,
streaming/src/test/scala/org/apache/spark/streaming/util/WriteAheadLogUtilsSuite.scala,
streaming/src/test/scala/org/apache/spark/streamingtest/ImplicitSuite.scala,
