File,0,DTCreated
python/pyspark/sql/functions.py,SPARK-29627,2019-10-29 03:16:00
core/src/test/scala/org/apache/spark/status/AppStatusListenerSuite.scala,SPARK-29637,2019-10-29 10:29:00
core/src/main/scala/org/apache/spark/status/LiveEntity.scala,SPARK-29637,2019-10-29 10:29:00
core/src/main/scala/org/apache/spark/status/AppStatusListener.scala,SPARK-29637,2019-10-29 10:29:00
sql/core/src/main/scala/org/apache/spark/sql/execution/streaming/continuous/ContinuousTextSocketSource.scala,SPARK-29642,2019-10-29 22:10:00
sql/core/src/main/scala/org/apache/spark/sql/execution/streaming/sources/ContinuousMemoryStream.scala,SPARK-29642,2019-10-29 22:10:00
sql/core/src/test/scala/org/apache/spark/sql/execution/streaming/sources/TextSocketStreamSuite.scala,SPARK-29642,2019-10-29 22:10:00
sql/core/src/test/scala/org/apache/spark/sql/streaming/continuous/ContinuousSuite.scala,SPARK-29642,2019-10-29 22:10:00
sql/core/src/main/scala/org/apache/spark/sql/execution/streaming/ContinuousRecordEndpoint.scala,SPARK-29642,2019-10-29 22:10:00
sql/core/src/test/resources/sql-tests/results/date_part.sql.out,SPARK-29653,2019-10-30 09:35:00
sql/catalyst/src/main/scala/org/apache/spark/sql/catalyst/util/IntervalUtils.scala,SPARK-29653,2019-10-30 09:35:00
docs/pyspark-migration-guide.md,SPARK-29664,2019-10-30 16:57:00
python/pyspark/sql/tests/test_column.py,SPARK-29664,2019-10-30 16:57:00
python/pyspark/sql/column.py,SPARK-29664,2019-10-30 16:57:00
dev/create-release/release-build.sh,SPARK-29666,2019-10-30 18:17:00
core/src/main/scala/org/apache/spark/ui/env/EnvironmentPage.scala,SPARK-29681,2019-10-31 08:43:00
sql/hive-thriftserver/v1.2.1/src/main/java/org/apache/hive/service/cli/operation/SQLOperation.java,SPARK-29742,2019-11-04 13:24:00
sql/hive-thriftserver/v2.3.5/src/main/java/org/apache/hive/service/cli/operation/SQLOperation.java,SPARK-29742,2019-11-04 13:24:00
pom.xml,SPARK-29742,2019-11-04 13:24:00
sql/core/src/main/scala/org/apache/spark/sql/execution/basicPhysicalOperators.scala,SPARK-29743,2019-11-04 15:00:00
sql/core/src/test/scala/org/apache/spark/sql/DataFrameSuite.scala,SPARK-29743,2019-11-04 15:00:00
python/pyspark/sql/types.py,SPARK-29748,2019-11-04 21:40:00
python/run-tests.py,SPARK-29748,2019-11-04 21:40:00
python/pyspark/sql/tests/test_types.py,SPARK-29748,2019-11-04 21:40:00
core/src/test/scala/org/apache/spark/deploy/history/FsHistoryProviderSuite.scala,SPARK-29755,2019-11-05 09:05:00
core/src/main/scala/org/apache/spark/deploy/history/FsHistoryProvider.scala,SPARK-29755,2019-11-05 09:05:00
sql/core/src/test/scala/org/apache/spark/sql/connector/DataSourceV2DataFrameSuite.scala,SPARK-29778,2019-11-06 19:58:00
sql/core/src/main/scala/org/apache/spark/sql/DataFrameWriter.scala,SPARK-29778,2019-11-06 19:58:00
sql/catalyst/src/main/scala/org/apache/spark/sql/connector/expressions/expressions.scala,SPARK-29789,2019-11-07 13:33:00
sql/catalyst/src/main/java/org/apache/spark/sql/connector/expressions/Expressions.java,SPARK-29789,2019-11-07 13:33:00
sql/catalyst/src/test/scala/org/apache/spark/sql/catalyst/analysis/CreateTablePartitioningValidationSuite.scala,SPARK-29789,2019-11-07 13:33:00
sql/core/src/main/scala/org/apache/spark/sql/DataFrameWriterV2.scala,SPARK-29789,2019-11-07 13:33:00
sql/catalyst/src/main/scala/org/apache/spark/sql/connector/catalog/V1Table.scala,SPARK-29789,2019-11-07 13:33:00
sql/core/src/test/scala/org/apache/spark/sql/connector/DataSourceV2SQLSuite.scala,SPARK-29789,2019-11-07 13:33:00
sql/catalyst/src/main/scala/org/apache/spark/sql/connector/catalog/CatalogV2Implicits.scala,SPARK-29789,2019-11-07 13:33:00
sql/hive/src/test/scala/org/apache/spark/sql/hive/HiveExternalCatalogVersionsSuite.scala,SPARK-29796,2019-11-07 18:13:00
sql/catalyst/src/main/scala/org/apache/spark/sql/catalyst/optimizer/Optimizer.scala,SPARK-29800,2019-11-08 10:25:00
sql/core/src/test/scala/org/apache/spark/sql/SubquerySuite.scala,SPARK-29800,2019-11-08 10:25:00
sql/core/src/test/scala/org/apache/spark/sql/CachedTableSuite.scala,SPARK-29800,2019-11-08 10:25:00
sql/catalyst/src/main/scala/org/apache/spark/sql/catalyst/optimizer/subquery.scala,SPARK-29800,2019-11-08 10:25:00
sql/catalyst/src/main/scala/org/apache/spark/sql/catalyst/optimizer/finishAnalysis.scala,SPARK-29800,2019-11-08 10:25:00
sql/catalyst/src/main/scala/org/apache/spark/sql/catalyst/expressions/subquery.scala,SPARK-29800,2019-11-08 10:25:00
sql/core/src/test/scala/org/apache/spark/sql/execution/benchmark/IntervalBenchmark.scala,SPARK-29822,2019-11-10 08:31:00
sql/core/src/test/resources/sql-tests/results/interval.sql.out,SPARK-29822,2019-11-10 08:31:00
sql/core/benchmarks/IntervalBenchmark-results.txt,SPARK-29822,2019-11-10 08:31:00
sql/core/src/test/resources/sql-tests/inputs/interval.sql,SPARK-29822,2019-11-10 08:31:00
sql/core/benchmarks/IntervalBenchmark-jdk11-results.txt,SPARK-29822,2019-11-10 08:31:00
sql/catalyst/src/test/scala/org/apache/spark/sql/catalyst/util/IntervalUtilsSuite.scala,SPARK-29822,2019-11-10 08:31:00
sql/core/src/main/scala/org/apache/spark/sql/execution/aggregate/HashAggregateExec.scala,SPARK-29850,2019-11-11 14:55:00
sql/core/src/test/scala/org/apache/spark/sql/JoinSuite.scala,SPARK-29850,2019-11-11 14:55:00
sql/core/src/test/resources/sql-tests/results/ansi/string-functions.sql.out,SPARK-29854,2019-11-12 05:41:00
sql/core/src/test/resources/sql-tests/inputs/string-functions.sql,SPARK-29854,2019-11-12 05:41:00
sql/core/src/test/resources/sql-tests/results/string-functions.sql.out,SPARK-29854,2019-11-12 05:41:00
sql/hive/src/test/scala/org/apache/spark/sql/hive/HiveMetastoreCatalogSuite.scala,SPARK-29869,2019-11-13 03:12:00
sql/hive/src/main/scala/org/apache/spark/sql/hive/HiveMetastoreCatalog.scala,SPARK-29869,2019-11-13 03:12:00
sql/core/src/main/scala/org/apache/spark/sql/Dataset.scala,SPARK-29874,2019-11-13 09:05:00
sql/catalyst/src/main/scala/org/apache/spark/sql/catalyst/catalog/SessionCatalog.scala,SPARK-29911,2019-11-15 07:01:00
sql/hive-thriftserver/src/main/scala/org/apache/spark/sql/hive/thriftserver/SparkSQLSessionManager.scala,SPARK-29911,2019-11-15 07:01:00
sql/hive-thriftserver/src/test/scala/org/apache/spark/sql/hive/thriftserver/ThriftServerQueryTestSuite.scala,SPARK-29911,2019-11-15 07:01:00
sql/core/src/test/java/test/org/apache/spark/sql/execution/sort/RecordBinaryComparatorSuite.java,SPARK-29918,2019-11-15 16:58:00
sql/core/src/main/java/org/apache/spark/sql/execution/RecordBinaryComparator.java,SPARK-29918,2019-11-15 16:58:00
sql/catalyst/src/main/scala/org/apache/spark/sql/internal/SQLConf.scala,SPARK-29920,2019-11-15 17:32:00
sql/catalyst/src/test/scala/org/apache/spark/sql/catalyst/parser/ExpressionParserSuite.scala,SPARK-29920,2019-11-15 17:32:00
docs/sql-migration-guide.md,SPARK-29920,2019-11-15 17:32:00
sql/core/src/test/resources/sql-tests/results/ansi/interval.sql.out,SPARK-29920,2019-11-15 17:32:00
sql/core/src/test/resources/sql-tests/results/postgreSQL/interval.sql.out,SPARK-29920,2019-11-15 17:32:00
dev/lint-r,SPARK-29932,2019-11-17 04:30:00
.github/workflows/master.yml,SPARK-29936,2019-11-17 22:50:00
dev/lint-r.R,SPARK-29936,2019-11-17 22:50:00
R/pkg/R/DataFrame.R,SPARK-29936,2019-11-17 22:50:00
R/pkg/R/context.R,SPARK-29936,2019-11-17 22:50:00
R/pkg/R/SQLContext.R,SPARK-29936,2019-11-17 22:50:00
R/pkg/R/utils.R,SPARK-29936,2019-11-17 22:50:00
R/pkg/inst/worker/worker.R,SPARK-29936,2019-11-17 22:50:00
R/pkg/tests/fulltests/test_sparkSQL.R,SPARK-29936,2019-11-17 22:50:00
R/pkg/.lintr,SPARK-29936,2019-11-17 22:50:00
R/pkg/R/group.R,SPARK-29936,2019-11-17 22:50:00
sql/catalyst/src/main/scala/org/apache/spark/sql/catalyst/parser/AstBuilder.scala,SPARK-29951,2019-11-18 20:29:00
sql/core/src/test/resources/sql-tests/inputs/postgreSQL/text.sql,SPARK-29951,2019-11-18 20:29:00
docs/sql-keywords.md,SPARK-29951,2019-11-18 20:29:00
sql/catalyst/src/main/antlr4/org/apache/spark/sql/catalyst/parser/SqlBase.g4,SPARK-29951,2019-11-18 20:29:00
sql/core/src/test/resources/sql-tests/results/postgreSQL/text.sql.out,SPARK-29951,2019-11-18 20:29:00
sql/core/src/test/scala/org/apache/spark/sql/SQLQueryTestSuite.scala,SPARK-29951,2019-11-18 20:29:00
sql/catalyst/src/main/scala/org/apache/spark/sql/catalyst/parser/ParseDriver.scala,SPARK-29951,2019-11-18 20:29:00
sql/core/src/test/scala/org/apache/spark/sql/streaming/FileStreamSourceSuite.scala,SPARK-29953,2019-11-18 23:14:00
sql/core/src/main/scala/org/apache/spark/sql/execution/streaming/FileStreamSource.scala,SPARK-29953,2019-11-18 23:14:00
docs/structured-streaming-programming-guide.md,SPARK-29953,2019-11-18 23:14:00
common/network-common/src/main/java/org/apache/spark/network/crypto/TransportCipher.java,SPARK-29971,2019-11-20 08:42:00
common/network-common/src/main/java/org/apache/spark/network/util/ByteArrayReadableChannel.java,SPARK-29971,2019-11-20 08:42:00
common/network-common/src/main/java/org/apache/spark/network/util/TransportFrameDecoder.java,SPARK-29971,2019-11-20 08:42:00
sql/core/src/test/scala/org/apache/spark/sql/streaming/StreamingQueryStatusAndProgressSuite.scala,SPARK-29973,2019-11-20 14:11:00
sql/core/src/main/scala/org/apache/spark/sql/execution/streaming/ProgressReporter.scala,SPARK-29973,2019-11-20 14:11:00
sql/core/src/test/scala/org/apache/spark/sql/execution/datasources/json/JsonSuite.scala,SPARK-29999,2019-11-22 11:16:00
sql/core/src/test/scala/org/apache/spark/sql/execution/datasources/csv/CSVSuite.scala,SPARK-29999,2019-11-22 11:16:00
sql/core/src/main/scala/org/apache/spark/sql/execution/datasources/json/JsonOutputWriter.scala,SPARK-29999,2019-11-22 11:16:00
sql/core/src/test/scala/org/apache/spark/sql/streaming/FileStreamSinkSuite.scala,SPARK-29999,2019-11-22 11:16:00
sql/core/src/main/scala/org/apache/spark/sql/execution/streaming/ManifestFileCommitProtocol.scala,SPARK-29999,2019-11-22 11:16:00
sql/core/src/main/scala/org/apache/spark/sql/execution/datasources/text/TextOutputWriter.scala,SPARK-29999,2019-11-22 11:16:00
sql/core/src/main/scala/org/apache/spark/sql/execution/streaming/FileStreamSink.scala,SPARK-29999,2019-11-22 11:16:00
sql/core/src/test/scala/org/apache/spark/sql/execution/datasources/text/TextSuite.scala,SPARK-29999,2019-11-22 11:16:00
sql/core/src/main/scala/org/apache/spark/sql/execution/datasources/csv/CsvOutputWriter.scala,SPARK-29999,2019-11-22 11:16:00
sql/core/src/test/scala/org/apache/spark/sql/execution/command/PlanResolutionSuite.scala,SPARK-30001,2019-11-22 12:14:00
sql/catalyst/src/main/scala/org/apache/spark/sql/connector/catalog/LookupCatalog.scala,SPARK-30001,2019-11-22 12:14:00
sql/catalyst/src/main/scala/org/apache/spark/sql/catalyst/analysis/Analyzer.scala,SPARK-30001,2019-11-22 12:14:00
core/src/main/scala/org/apache/spark/network/netty/NettyBlockRpcServer.scala,SPARK-30025,2019-11-25 11:59:00
core/src/main/scala/org/apache/spark/shuffle/BlockStoreShuffleReader.scala,SPARK-30025,2019-11-25 11:59:00
core/pom.xml,SPARK-30030,2019-11-25 19:48:00
scalastyle-config.xml,SPARK-30030,2019-11-25 19:48:00
core/src/test/scala/org/apache/spark/util/PropertiesCloneBenchmark.scala,SPARK-30030,2019-11-25 19:48:00
sql/hive-thriftserver/src/test/scala/org/apache/spark/sql/hive/thriftserver/CliSuite.scala,SPARK-30049,2019-11-26 20:49:00
sql/hive-thriftserver/src/main/scala/org/apache/spark/sql/hive/thriftserver/SparkSQLCLIDriver.scala,SPARK-30049,2019-11-26 20:49:00
sql/hive/src/test/scala/org/apache/spark/sql/hive/HiveExternalCatalogSuite.scala,SPARK-30050,2019-11-26 21:43:00
sql/hive/src/main/scala/org/apache/spark/sql/hive/client/HiveClientImpl.scala,SPARK-30050,2019-11-26 21:43:00
sql/core/src/test/scala/org/apache/spark/sql/DataFrameNaFunctionsSuite.scala,SPARK-30065,2019-11-28 00:29:00
sql/core/src/main/scala/org/apache/spark/sql/DataFrameNaFunctions.scala,SPARK-30065,2019-11-28 00:29:00
sql/core/src/main/scala/org/apache/spark/sql/execution/exchange/EnsureRequirements.scala,SPARK-30074,2019-11-29 05:44:00
common/kvstore/src/test/java/org/apache/spark/util/kvstore/ArrayKeyIndexType.java,SPARK-30075,2019-11-29 06:46:00
sql/core/src/test/resources/sql-tests/results/literals.sql.out,SPARK-30083,2019-11-29 18:23:00
sql/catalyst/src/main/scala/org/apache/spark/sql/catalyst/dsl/package.scala,SPARK-30083,2019-11-29 18:23:00
sql/core/src/test/resources/sql-tests/inputs/literals.sql,SPARK-30083,2019-11-29 18:23:00
sql/core/src/test/resources/sql-tests/results/operators.sql.out,SPARK-30083,2019-11-29 18:23:00
sql/core/src/test/resources/sql-tests/results/ansi/literals.sql.out,SPARK-30083,2019-11-29 18:23:00
sql/core/src/test/resources/sql-tests/results/typeCoercion/native/promoteStrings.sql.out,SPARK-30083,2019-11-29 18:23:00
sql/core/src/main/scala/org/apache/spark/sql/execution/command/views.scala,SPARK-30093,2019-12-02 03:02:00
sql/core/src/test/scala/org/apache/spark/sql/execution/SQLViewSuite.scala,SPARK-30093,2019-12-02 03:02:00
sql/core/src/test/resources/sql-tests/results/postgreSQL/create_view.sql.out,SPARK-30093,2019-12-02 03:02:00
sql/catalyst/src/main/scala/org/apache/spark/sql/catalyst/analysis/ResolveCatalogs.scala,SPARK-30094,2019-12-02 03:46:00
sql/catalyst/src/test/scala/org/apache/spark/sql/connector/catalog/LookupCatalogSuite.scala,SPARK-30094,2019-12-02 03:46:00
sql/core/src/main/scala/org/apache/spark/sql/catalyst/analysis/ResolveSessionCatalog.scala,SPARK-30094,2019-12-02 03:46:00
sql/core/src/main/scala/org/apache/spark/sql/execution/QueryExecution.scala,SPARK-30099,2019-12-02 09:06:00
resource-managers/kubernetes/docker/src/main/dockerfiles/spark/bindings/R/Dockerfile,SPARK-30111,2019-12-03 18:20:00
resource-managers/kubernetes/docker/src/main/dockerfiles/spark/bindings/python/Dockerfile,SPARK-30111,2019-12-03 18:20:00
build/sbt-launch-lib.bash,SPARK-30121,2019-12-04 11:22:00
build/sbt,SPARK-30121,2019-12-04 11:22:00
common/network-shuffle/src/test/java/org/apache/spark/network/sasl/SaslIntegrationSuite.java,SPARK-30129,2019-12-04 17:36:00
common/network-common/src/main/java/org/apache/spark/network/crypto/AuthRpcHandler.java,SPARK-30129,2019-12-04 17:36:00
common/network-common/src/main/java/org/apache/spark/network/crypto/AuthClientBootstrap.java,SPARK-30129,2019-12-04 17:36:00
sql/core/src/test/scala/org/apache/spark/sql/execution/DataSourceScanExecRedactionSuite.scala,SPARK-30162,2019-12-07 07:30:00
sql/core/src/main/scala/org/apache/spark/sql/execution/datasources/v2/parquet/ParquetScan.scala,SPARK-30162,2019-12-07 07:30:00
project/SparkBuild.scala,SPARK-30164,2019-12-07 22:37:00
repl/src/test/scala/org/apache/spark/repl/ReplSuite.scala,SPARK-30167,2019-12-08 14:45:00
core/src/main/scala/org/apache/spark/internal/Logging.scala,SPARK-30167,2019-12-08 14:45:00
core/src/test/scala/org/apache/spark/internal/LoggingSuite.scala,SPARK-30167,2019-12-08 14:45:00
sql/hive-thriftserver/src/test/scala/org/apache/spark/sql/hive/thriftserver/HiveThriftServer2Suites.scala,SPARK-30179,2019-12-09 06:55:00
core/src/main/java/org/apache/spark/unsafe/map/BytesToBytesMap.java,SPARK-30198,2019-12-10 06:12:00
streaming/src/test/scala/org/apache/spark/streaming/CheckpointSuite.scala,SPARK-30199,2019-12-10 06:12:00
streaming/src/main/scala/org/apache/spark/streaming/Checkpoint.scala,SPARK-30199,2019-12-10 06:12:00
sql/hive/src/main/scala/org/apache/spark/sql/hive/HiveInspectors.scala,SPARK-30201,2019-12-10 11:11:00
sql/hive/src/main/scala/org/apache/spark/sql/hive/execution/HiveFileFormat.scala,SPARK-30201,2019-12-10 11:11:00
sql/hive/src/test/scala/org/apache/spark/sql/hive/InsertSuite.scala,SPARK-30201,2019-12-10 11:11:00
dev/deps/spark-deps-hadoop-2.7-hive-2.3,SPARK-30228,2019-12-12 02:03:00
dev/deps/spark-deps-hadoop-2.7-hive-1.2,SPARK-30228,2019-12-12 02:03:00
dev/deps/spark-deps-hadoop-3.2-hive-2.3,SPARK-30228,2019-12-12 02:03:00
core/src/main/scala/org/apache/spark/internal/config/package.scala,SPARK-30235,2019-12-12 13:35:00
core/src/main/scala/org/apache/spark/storage/BlockManager.scala,SPARK-30235,2019-12-12 13:35:00
docs/core-migration-guide.md,SPARK-30235,2019-12-12 13:35:00
sql/catalyst/src/main/scala/org/apache/spark/sql/catalyst/optimizer/expressions.scala,SPARK-30254,2019-12-13 09:16:00
sql/catalyst/src/test/scala/org/apache/spark/sql/catalyst/optimizer/LikeSimplificationSuite.scala,SPARK-30254,2019-12-13 09:16:00
core/src/main/scala/org/apache/spark/deploy/SparkSubmitArguments.scala,SPARK-30263,2019-12-14 13:43:00
dev/create-release/release-tag.sh,SPARK-30265,2019-12-16 08:10:00
sql/catalyst/src/main/scala/org/apache/spark/sql/catalyst/expressions/aggregate/Percentile.scala,SPARK-30266,2019-12-16 10:14:00
sql/core/src/test/scala/org/apache/spark/sql/ApproximatePercentileQuerySuite.scala,SPARK-30266,2019-12-16 10:14:00
sql/catalyst/src/main/scala/org/apache/spark/sql/catalyst/expressions/aggregate/ApproximatePercentile.scala,SPARK-30266,2019-12-16 10:14:00
sql/catalyst/src/test/scala/org/apache/spark/sql/catalyst/expressions/aggregate/ApproximatePercentileSuite.scala,SPARK-30266,2019-12-16 10:14:00
sql/core/src/main/scala/org/apache/spark/sql/execution/command/CommandUtils.scala,SPARK-30266,2019-12-16 10:14:00
sql/core/src/main/scala/org/apache/spark/sql/execution/stat/StatFunctions.scala,SPARK-30266,2019-12-16 10:14:00
sql/catalyst/src/test/scala/org/apache/spark/sql/catalyst/expressions/aggregate/PercentileSuite.scala,SPARK-30266,2019-12-16 10:14:00
sql/catalyst/src/test/scala/org/apache/spark/sql/catalyst/catalog/SessionCatalogSuite.scala,SPARK-30284,2019-12-17 08:20:00
sql/hive/src/test/scala/org/apache/spark/sql/hive/execution/HiveDDLSuite.scala,SPARK-30284,2019-12-17 08:20:00
sql/core/src/test/scala/org/apache/spark/sql/execution/command/DDLParserSuite.scala,SPARK-30284,2019-12-17 08:20:00
sql/core/src/test/resources/sql-tests/results/describe.sql.out,SPARK-30284,2019-12-17 08:20:00
sql/catalyst/src/test/scala/org/apache/spark/sql/catalyst/catalog/ExternalCatalogSuite.scala,SPARK-30284,2019-12-17 08:20:00
sql/catalyst/src/main/scala/org/apache/spark/sql/connector/catalog/CatalogManager.scala,SPARK-30284,2019-12-17 08:20:00
sql/catalyst/src/main/scala/org/apache/spark/sql/catalyst/catalog/interface.scala,SPARK-30284,2019-12-17 08:20:00
sql/core/src/test/scala/org/apache/spark/sql/DataFrameWriterV2Suite.scala,SPARK-30289,2019-12-17 22:56:00
sql/catalyst/src/test/scala/org/apache/spark/sql/connector/InMemoryTable.scala,SPARK-30289,2019-12-17 22:56:00
sql/core/src/test/scala/org/apache/spark/sql/sources/BucketedReadSuite.scala,SPARK-30298,2019-12-18 13:33:00
sql/core/src/test/scala/org/apache/spark/sql/execution/PlannerSuite.scala,SPARK-30298,2019-12-18 13:33:00
sql/core/src/main/scala/org/apache/spark/sql/execution/aggregate/ObjectHashAggregateExec.scala,SPARK-30298,2019-12-18 13:33:00
sql/core/src/main/scala/org/apache/spark/sql/execution/aggregate/SortAggregateExec.scala,SPARK-30298,2019-12-18 13:33:00
sql/core/src/main/scala/org/apache/spark/sql/execution/ui/SQLAppStatusListener.scala,SPARK-30300,2019-12-19 00:26:00
sql/catalyst/src/main/scala/org/apache/spark/sql/catalyst/expressions/jsonExpressions.scala,SPARK-30301,2019-12-19 03:18:00
sql/core/src/test/resources/sql-tests/results/typeCoercion/native/concat.sql.out,SPARK-30301,2019-12-19 03:18:00
sql/core/src/test/resources/sql-tests/results/typeCoercion/native/mapZipWith.sql.out,SPARK-30301,2019-12-19 03:18:00
sql/core/src/test/resources/sql-tests/results/inline-table.sql.out,SPARK-30301,2019-12-19 03:18:00
sql/catalyst/src/main/scala/org/apache/spark/sql/catalyst/expressions/csvExpressions.scala,SPARK-30301,2019-12-19 03:18:00
sql/core/src/test/scala/org/apache/spark/sql/execution/HiveResultSuite.scala,SPARK-30301,2019-12-19 03:18:00
sql/core/src/test/resources/sql-tests/results/udf/udf-inline-table.sql.out,SPARK-30301,2019-12-19 03:18:00
sql/core/src/test/resources/sql-tests/results/typeCoercion/native/mapconcat.sql.out,SPARK-30301,2019-12-19 03:18:00
sql/core/src/test/resources/sql-tests/results/json-functions.sql.out,SPARK-30301,2019-12-19 03:18:00
sql/core/src/main/scala/org/apache/spark/sql/execution/HiveResult.scala,SPARK-30301,2019-12-19 03:18:00
sql/core/src/test/resources/sql-tests/results/array.sql.out,SPARK-30301,2019-12-19 03:18:00
sql/core/src/test/resources/sql-tests/results/csv-functions.sql.out,SPARK-30301,2019-12-19 03:18:00
core/src/main/scala/org/apache/spark/util/SparkUncaughtExceptionHandler.scala,SPARK-30310,2019-12-19 20:55:00
sql/core/src/main/scala/org/apache/spark/sql/execution/command/tables.scala,SPARK-30312,2019-12-19 22:09:00
sql/core/src/test/scala/org/apache/spark/sql/execution/command/DDLSuite.scala,SPARK-30312,2019-12-19 22:09:00
core/src/main/scala/org/apache/spark/rpc/netty/Dispatcher.scala,SPARK-30313,2019-12-19 23:32:00
sql/catalyst/src/main/scala/org/apache/spark/sql/catalyst/expressions/intervalExpressions.scala,SPARK-30341,2019-12-24 03:32:00
sql/catalyst/src/main/scala/org/apache/spark/sql/catalyst/expressions/arithmetic.scala,SPARK-30341,2019-12-24 03:32:00
sql/catalyst/src/test/scala/org/apache/spark/sql/catalyst/expressions/CollectionExpressionsSuite.scala,SPARK-30341,2019-12-24 03:32:00
sql/catalyst/src/test/scala/org/apache/spark/sql/catalyst/expressions/IntervalExpressionsSuite.scala,SPARK-30341,2019-12-24 03:32:00
sql/catalyst/src/main/scala/org/apache/spark/sql/catalyst/expressions/aggregate/Average.scala,SPARK-30341,2019-12-24 03:32:00
sql/hive-thriftserver/src/test/scala/org/apache/spark/sql/hive/thriftserver/ThriftServerWithSparkContextSuite.scala,SPARK-30345,2019-12-24 09:37:00
core/src/test/scala/org/apache/spark/deploy/master/MasterSuite.scala,SPARK-30348,2019-12-24 13:36:00
core/src/main/scala/org/apache/spark/scheduler/EventLoggingListener.scala,SPARK-30360,2019-12-26 12:53:00
core/src/main/scala/org/apache/spark/status/api/v1/OneApplicationResource.scala,SPARK-30361,2019-12-26 13:04:00
sql/core/src/main/scala/org/apache/spark/sql/execution/datasources/v2/DataSourceRDD.scala,SPARK-30362,2019-12-27 03:52:00
sql/hive-thriftserver/v2.3/src/main/java/org/apache/hive/service/server/HiveServer2.java,SPARK-30382,2019-12-29 13:06:00
sql/hive-thriftserver/v1.2/src/main/java/org/apache/hive/service/server/HiveServer2.java,SPARK-30382,2019-12-29 13:06:00
common/network-common/src/main/java/org/apache/spark/network/server/OneForOneStreamManager.java,SPARK-30406,2020-01-02 07:10:00
core/src/test/scala/org/apache/spark/scheduler/TaskSetManagerSuite.scala,SPARK-30417,2020-01-03 18:49:00
core/src/main/scala/org/apache/spark/scheduler/TaskSetManager.scala,SPARK-30417,2020-01-03 18:49:00
docs/configuration.md,SPARK-30417,2020-01-03 18:49:00
docs/structured-streaming-kafka-integration.md,SPARK-30426,2020-01-06 03:33:00
sql/catalyst/src/main/scala/org/apache/spark/sql/types/StructType.scala,SPARK-30429,2020-01-06 07:41:00
sql/catalyst/src/main/scala/org/apache/spark/sql/catalyst/expressions/objects/objects.scala,SPARK-30429,2020-01-06 07:41:00
core/src/main/scala/org/apache/spark/resource/ResourceUtils.scala,SPARK-30445,2020-01-07 13:52:00
core/src/test/scala/org/apache/spark/resource/ResourceUtilsSuite.scala,SPARK-30445,2020-01-07 13:52:00
core/src/test/scala/org/apache/spark/SparkConfSuite.scala,SPARK-30445,2020-01-07 13:52:00
sql/core/src/test/scala/org/apache/spark/sql/SQLQuerySuite.scala,SPARK-30447,2020-01-07 15:46:00
sql/catalyst/src/test/scala/org/apache/spark/sql/catalyst/optimizer/ConstantPropagationSuite.scala,SPARK-30447,2020-01-07 15:46:00
core/src/main/scala/org/apache/spark/SparkContext.scala,SPARK-30448,2020-01-07 16:48:00
core/src/test/scala/org/apache/spark/SparkContextSuite.scala,SPARK-30448,2020-01-07 16:48:00
core/src/test/scala/org/apache/spark/scheduler/CoarseGrainedSchedulerBackendSuite.scala,SPARK-30448,2020-01-07 16:48:00
dev/tox.ini,SPARK-30450,2020-01-07 19:06:00
dev/lint-python,SPARK-30450,2020-01-07 19:06:00
core/src/main/scala/org/apache/spark/ui/jobs/StagePage.scala,SPARK-30458,2020-01-08 11:24:00
sql/core/src/main/scala/org/apache/spark/sql/execution/datasources/v2/FilePartitionReader.scala,SPARK-30459,2020-01-08 14:30:00
sql/core/src/test/scala/org/apache/spark/sql/FileBasedDataSourceSuite.scala,SPARK-30459,2020-01-08 14:30:00
python/pyspark/tests/test_worker.py,SPARK-30480,2020-01-10 05:11:00
assembly/pom.xml,SPARK-30489,2020-01-10 23:01:00
python/pyspark/ml/classification.py,SPARK-30493,2020-01-12 23:22:00
sql/hive/src/main/scala/org/apache/spark/sql/hive/execution/InsertIntoHiveTable.scala,SPARK-30494,2020-01-13 02:29:00
external/kafka-0-10-token-provider/src/test/scala/org/apache/spark/kafka010/KafkaTokenUtilSuite.scala,SPARK-30495,2020-01-13 03:07:00
external/kafka-0-10-token-provider/src/main/scala/org/apache/spark/kafka010/KafkaTokenUtil.scala,SPARK-30495,2020-01-13 03:07:00
external/kafka-0-10-sql/src/main/scala/org/apache/spark/sql/kafka010/consumer/KafkaDataConsumer.scala,SPARK-30495,2020-01-13 03:07:00
core/src/main/scala/org/apache/spark/deploy/security/HadoopDelegationTokenManager.scala,SPARK-30495,2020-01-13 03:07:00
mllib/src/main/scala/org/apache/spark/mllib/clustering/LDAOptimizer.scala,SPARK-30503,2020-01-13 12:08:00
python/pyspark/ml/tests/test_persistence.py,SPARK-30504,2020-01-13 12:35:00
external/avro/src/test/scala/org/apache/spark/sql/avro/AvroSuite.scala,SPARK-30509,2020-01-14 10:15:00
external/avro/src/main/scala/org/apache/spark/sql/avro/AvroUtils.scala,SPARK-30509,2020-01-14 10:15:00
common/network-common/src/main/java/org/apache/spark/network/server/TransportServer.java,SPARK-30512,2020-01-14 19:54:00
sql/core/src/test/scala/org/apache/spark/sql/DynamicPartitionPruningSuite.scala,SPARK-30528,2020-01-16 12:13:00
sql/core/src/test/scala/org/apache/spark/sql/ExplainSuite.scala,SPARK-30528,2020-01-16 12:13:00
sql/core/src/main/scala/org/apache/spark/sql/dynamicpruning/PlanDynamicPruningFilters.scala,SPARK-30528,2020-01-16 12:13:00
sql/core/src/main/scala/org/apache/spark/sql/dynamicpruning/PartitionPruning.scala,SPARK-30528,2020-01-16 12:13:00
sql/catalyst/src/main/scala/org/apache/spark/sql/catalyst/csv/UnivocityParser.scala,SPARK-30530,2020-01-16 16:23:00
external/kafka-0-10-sql/src/test/resources/log4j.properties,SPARK-30541,2020-01-17 07:42:00
external/kafka-0-10-sql/src/test/scala/org/apache/spark/sql/kafka010/KafkaDelegationTokenSuite.scala,SPARK-30541,2020-01-17 07:42:00
external/kafka-0-10-sql/src/test/scala/org/apache/spark/sql/kafka010/KafkaTestUtils.scala,SPARK-30541,2020-01-17 07:42:00
sql/core/src/test/scala/org/apache/spark/sql/internal/ExecutorSideSQLConfSuite.scala,SPARK-30556,2020-01-17 17:08:00
sql/catalyst/src/main/scala/org/apache/spark/sql/internal/StaticSQLConf.scala,SPARK-30556,2020-01-17 17:08:00
sql/core/src/main/scala/org/apache/spark/sql/execution/SQLExecution.scala,SPARK-30556,2020-01-17 17:08:00
sql/core/src/main/scala/org/apache/spark/sql/execution/datasources/noop/NoopDataSource.scala,SPARK-30563,2020-01-18 17:06:00
sql/catalyst/src/main/scala/org/apache/spark/sql/catalyst/expressions/codegen/javaCode.scala,SPARK-30564,2020-01-18 17:17:00
core/src/main/resources/org/apache/spark/ui/static/stagepage.js,SPARK-30582,2020-01-20 09:32:00
sql/core/src/test/scala/org/apache/spark/sql/DatasetAggregatorSuite.scala,SPARK-30590,2020-01-21 01:36:00
core/src/main/scala/org/apache/spark/storage/ShuffleBlockFetcherIterator.scala,SPARK-30604,2020-01-22 15:39:00
sql/catalyst/src/test/scala/org/apache/spark/sql/catalyst/optimizer/ConstantFoldingSuite.scala,SPARK-30606,2020-01-22 19:14:00
sql/catalyst/src/main/scala/org/apache/spark/sql/catalyst/expressions/regexpExpressions.scala,SPARK-30606,2020-01-22 19:14:00
sql/core/src/main/scala/org/apache/spark/sql/Column.scala,SPARK-30606,2020-01-22 19:14:00
sql/catalyst/src/main/scala/org/apache/spark/sql/catalyst/identifiers.scala,SPARK-30612,2020-01-23 03:42:00
sql/catalyst/src/main/scala/org/apache/spark/sql/catalyst/expressions/namedExpressions.scala,SPARK-30612,2020-01-23 03:42:00
sql/catalyst/src/main/scala/org/apache/spark/sql/catalyst/expressions/package.scala,SPARK-30612,2020-01-23 03:42:00
sql/catalyst/src/main/scala/org/apache/spark/sql/catalyst/plans/logical/basicLogicalOperators.scala,SPARK-30612,2020-01-23 03:42:00
sql/catalyst/src/test/scala/org/apache/spark/sql/catalyst/trees/TreeNodeSuite.scala,SPARK-30612,2020-01-23 03:42:00
sql/core/src/test/resources/sql-tests/results/subquery/negative-cases/invalid-correlation.sql.out,SPARK-30612,2020-01-23 03:42:00
sql/core/src/test/resources/sql-tests/results/group-by-filter.sql.out,SPARK-30612,2020-01-23 03:42:00
sql/core/src/test/scala/org/apache/spark/sql/execution/benchmark/TPCDSQueryBenchmark.scala,SPARK-30612,2020-01-23 03:42:00
sql/catalyst/src/main/scala/org/apache/spark/sql/catalyst/trees/TreeNode.scala,SPARK-30612,2020-01-23 03:42:00
sql/catalyst/src/test/scala/org/apache/spark/sql/catalyst/statsEstimation/BasicStatsEstimationSuite.scala,SPARK-30622,2020-01-23 14:15:00
sql/catalyst/src/main/scala/org/apache/spark/sql/catalyst/plans/logical/Statistics.scala,SPARK-30622,2020-01-23 14:15:00
sql/catalyst/src/main/scala/org/apache/spark/sql/catalyst/plans/logical/Command.scala,SPARK-30622,2020-01-23 14:15:00
common/network-common/src/test/java/org/apache/spark/network/ChunkFetchRequestHandlerSuite.java,SPARK-30623,2020-01-23 16:12:00
common/network-common/src/main/java/org/apache/spark/network/server/TransportChannelHandler.java,SPARK-30623,2020-01-23 16:12:00
common/network-common/src/main/java/org/apache/spark/network/server/ChunkFetchRequestHandler.java,SPARK-30623,2020-01-23 16:12:00
common/network-common/src/main/java/org/apache/spark/network/server/TransportRequestHandler.java,SPARK-30623,2020-01-23 16:12:00
common/network-common/src/main/java/org/apache/spark/network/util/TransportConf.java,SPARK-30623,2020-01-23 16:12:00
common/network-common/src/test/java/org/apache/spark/network/TransportRequestHandlerSuite.java,SPARK-30623,2020-01-23 16:12:00
common/network-common/src/main/java/org/apache/spark/network/TransportContext.java,SPARK-30623,2020-01-23 16:12:00
sql/catalyst/src/main/scala/org/apache/spark/sql/catalyst/util/TimestampFormatter.scala,SPARK-30668,2020-01-28 22:11:00
sql/core/src/test/scala/org/apache/spark/sql/CsvFunctionsSuite.scala,SPARK-30668,2020-01-28 22:11:00
sql/catalyst/src/test/scala/org/apache/spark/sql/catalyst/json/JsonInferSchemaSuite.scala,SPARK-30668,2020-01-28 22:11:00
sql/core/src/test/scala/org/apache/spark/sql/DateFunctionsSuite.scala,SPARK-30668,2020-01-28 22:11:00
sql/core/src/test/scala/org/apache/spark/sql/execution/adaptive/AdaptiveQueryExecSuite.scala,SPARK-30668,2020-01-28 22:11:00
sql/catalyst/src/test/scala/org/apache/spark/sql/catalyst/expressions/DateExpressionsSuite.scala,SPARK-30668,2020-01-28 22:11:00
sql/catalyst/src/main/scala/org/apache/spark/sql/catalyst/util/DateTimeFormatterHelper.scala,SPARK-30668,2020-01-28 22:11:00
sql/catalyst/src/main/scala/org/apache/spark/sql/catalyst/json/JacksonParser.scala,SPARK-30668,2020-01-28 22:11:00
sql/catalyst/src/main/scala/org/apache/spark/sql/catalyst/util/DateFormatter.scala,SPARK-30668,2020-01-28 22:11:00
core/src/main/scala/org/apache/spark/SparkException.scala,SPARK-30668,2020-01-28 22:11:00
sql/catalyst/src/main/scala/org/apache/spark/sql/catalyst/expressions/datetimeExpressions.scala,SPARK-30668,2020-01-28 22:11:00
docs/README.md,SPARK-30672,2020-01-30 02:46:00
sql/core/src/test/scala/org/apache/spark/sql/connector/DataSourceV2DataFrameSessionCatalogSuite.scala,SPARK-30697,2020-02-01 00:26:00
sql/core/src/test/scala/org/apache/spark/sql/connector/DataSourceV2SQLSessionCatalogSuite.scala,SPARK-30697,2020-02-01 00:26:00
dev/create-release/spark-rm/Dockerfile,SPARK-30704,2020-02-02 07:48:00
sql/core/src/main/scala/org/apache/spark/sql/execution/adaptive/PlanAdaptiveSubqueries.scala,SPARK-30717,2020-02-03 18:15:00
sql/core/src/main/scala/org/apache/spark/sql/execution/adaptive/InsertAdaptiveSparkPlan.scala,SPARK-30717,2020-02-03 18:15:00
sql/core/src/test/scala/org/apache/spark/sql/DataFrameAggregateSuite.scala,SPARK-30721,2020-02-04 03:47:00
sql/mkdocs.yml,SPARK-30731,2020-02-04 22:48:00
resource-managers/kubernetes/integration-tests/src/test/scala/org/apache/spark/deploy/k8s/integrationtest/DepsTestsSuite.scala,SPARK-30738,2020-02-05 09:57:00
sql/core/src/test/scala/org/apache/spark/sql/execution/datasources/parquet/ParquetInteroperabilitySuite.scala,SPARK-30752,2020-02-06 17:03:00
sql/core/src/main/scala/org/apache/spark/sql/execution/datasources/v2/parquet/ParquetPartitionReaderFactory.scala,SPARK-30752,2020-02-06 17:03:00
sql/core/src/main/scala/org/apache/spark/sql/execution/datasources/parquet/ParquetReadSupport.scala,SPARK-30752,2020-02-06 17:03:00
sql/core/src/main/scala/org/apache/spark/sql/execution/datasources/parquet/ParquetRecordMaterializer.scala,SPARK-30752,2020-02-06 17:03:00
sql/core/src/main/scala/org/apache/spark/sql/execution/datasources/parquet/ParquetFileFormat.scala,SPARK-30752,2020-02-06 17:03:00
sql/core/src/main/java/org/apache/spark/sql/execution/datasources/parquet/VectorizedColumnReader.java,SPARK-30752,2020-02-06 17:03:00
sql/catalyst/src/main/scala/org/apache/spark/sql/catalyst/util/DateTimeUtils.scala,SPARK-30752,2020-02-06 17:03:00
sql/core/src/main/java/org/apache/spark/sql/execution/datasources/parquet/VectorizedParquetRecordReader.java,SPARK-30752,2020-02-06 17:03:00
sql/core/src/main/scala/org/apache/spark/sql/execution/datasources/parquet/ParquetRowConverter.scala,SPARK-30752,2020-02-06 17:03:00
sql/catalyst/src/test/scala/org/apache/spark/sql/catalyst/expressions/RegexpExpressionsSuite.scala,SPARK-30763,2020-02-09 10:23:00
sql/catalyst/src/test/scala/org/apache/spark/sql/catalyst/util/DateTimeUtilsSuite.scala,SPARK-30766,2020-02-09 17:28:00
python/pyspark/sql/tests/test_pandas_udf_grouped_agg.py,SPARK-30777,2020-02-10 19:03:00
python/pyspark/sql/tests/test_arrow.py,SPARK-30777,2020-02-10 19:03:00
python/pyspark/sql/tests/test_pandas_grouped_map.py,SPARK-30777,2020-02-10 19:03:00
sql/catalyst/src/test/scala/org/apache/spark/sql/catalyst/expressions/codegen/CodeBlockSuite.scala,SPARK-30795,2020-02-12 01:17:00
sql/hive/src/main/scala/org/apache/spark/sql/hive/HiveSessionStateBuilder.scala,SPARK-30799,2020-02-12 14:57:00
sql/core/src/main/scala/org/apache/spark/sql/internal/BaseSessionStateBuilder.scala,SPARK-30799,2020-02-12 14:57:00
docs/tuning.md,SPARK-30803,2020-02-13 01:19:00
docs/rdd-programming-guide.md,SPARK-30803,2020-02-13 01:19:00
docs/quick-start.md,SPARK-30803,2020-02-13 01:19:00
docs/mllib-statistics.md,SPARK-30803,2020-02-13 01:19:00
docs/mllib-pmml-model-export.md,SPARK-30803,2020-02-13 01:19:00
docs/sql-ref-syntax-aux-resource-mgmt.md,SPARK-30803,2020-02-13 01:19:00
docs/mllib-naive-bayes.md,SPARK-30803,2020-02-13 01:19:00
docs/mllib-linear-methods.md,SPARK-30803,2020-02-13 01:19:00
docs/sql-programming-guide.md,SPARK-30803,2020-02-13 01:19:00
docs/sql-ref-syntax-aux-analyze-table.md,SPARK-30803,2020-02-13 01:19:00
docs/sql-ref-syntax-aux-cache-refresh.md,SPARK-30803,2020-02-13 01:19:00
docs/sql-ref-syntax-aux-refresh-table.md,SPARK-30803,2020-02-13 01:19:00
docs/mllib-optimization.md,SPARK-30803,2020-02-13 01:19:00
docs/sql-ref-syntax-aux-show.md,SPARK-30803,2020-02-13 01:19:00
docs/sql-ref-syntax-ddl-drop-database.md,SPARK-30803,2020-02-13 01:19:00
docs/sql-ref-syntax-ddl-drop-function.md,SPARK-30803,2020-02-13 01:19:00
docs/mllib-isotonic-regression.md,SPARK-30803,2020-02-13 01:19:00
docs/sql-ref-syntax-dml-insert-overwrite-directory-hive.md,SPARK-30803,2020-02-13 01:19:00
docs/sql-ref-syntax-dml-insert-overwrite-directory.md,SPARK-30803,2020-02-13 01:19:00
docs/sql-ref-syntax-dml.md,SPARK-30803,2020-02-13 01:19:00
docs/mllib-frequent-pattern-mining.md,SPARK-30803,2020-02-13 01:19:00
docs/mllib-feature-extraction.md,SPARK-30803,2020-02-13 01:19:00
docs/mllib-ensembles.md,SPARK-30803,2020-02-13 01:19:00
docs/ml-advanced.md,SPARK-30803,2020-02-13 01:19:00
docs/index.md,SPARK-30803,2020-02-13 01:19:00
docs/sql-getting-started.md,SPARK-30803,2020-02-13 01:19:00
docs/sql-ref-syntax-aux-show-tables.md,SPARK-30803,2020-02-13 01:19:00
docs/sql-data-sources-json.md,SPARK-30803,2020-02-13 01:19:00
docs/mllib-clustering.md,SPARK-30803,2020-02-13 01:19:00
docs/sql-ref-syntax-qry-select-clusterby.md,SPARK-30803,2020-02-13 01:19:00
docs/sql-data-sources-jdbc.md,SPARK-30803,2020-02-13 01:19:00
docs/sql-ref-syntax-qry-select-sortby.md,SPARK-30803,2020-02-13 01:19:00
docs/sql-ref-syntax-qry-select.md,SPARK-30803,2020-02-13 01:19:00
docs/streaming-custom-receivers.md,SPARK-30803,2020-02-13 01:19:00
docs/streaming-kafka-integration.md,SPARK-30803,2020-02-13 01:19:00
docs/streaming-kinesis-integration.md,SPARK-30803,2020-02-13 01:19:00
docs/mllib-dimensionality-reduction.md,SPARK-30803,2020-02-13 01:19:00
docs/streaming-programming-guide.md,SPARK-30803,2020-02-13 01:19:00
docs/mllib-decision-tree.md,SPARK-30803,2020-02-13 01:19:00
docs/mllib-data-types.md,SPARK-30803,2020-02-13 01:19:00
docs/mllib-collaborative-filtering.md,SPARK-30803,2020-02-13 01:19:00
docs/mllib-evaluation-metrics.md,SPARK-30803,2020-02-13 01:19:00
docs/ml-tuning.md,SPARK-30803,2020-02-13 01:19:00
docs/ml-statistics.md,SPARK-30803,2020-02-13 01:19:00
docs/ml-migration-guide.md,SPARK-30803,2020-02-13 01:19:00
docs/ml-frequent-pattern-mining.md,SPARK-30803,2020-02-13 01:19:00
docs/ml-features.md,SPARK-30803,2020-02-13 01:19:00
docs/ml-datasource.md,SPARK-30803,2020-02-13 01:19:00
docs/ml-collaborative-filtering.md,SPARK-30803,2020-02-13 01:19:00
docs/ml-clustering.md,SPARK-30803,2020-02-13 01:19:00
docs/ml-classification-regression.md,SPARK-30803,2020-02-13 01:19:00
docs/_layouts/global.html,SPARK-30803,2020-02-13 01:19:00
docs/graphx-programming-guide.md,SPARK-30803,2020-02-13 01:19:00
docs/sql-ref-syntax-qry-select-distribute-by.md,SPARK-30803,2020-02-13 01:19:00
docs/sql-data-sources-generic-options.md,SPARK-30803,2020-02-13 01:19:00
docs/ml-pipeline.md,SPARK-30803,2020-02-13 01:19:00
sql/hive-thriftserver/src/main/scala/org/apache/spark/sql/hive/thriftserver/SparkSQLDriver.scala,SPARK-30808,2020-02-13 09:15:00
sql/hive/src/test/scala/org/apache/spark/sql/hive/execution/HiveComparisonTest.scala,SPARK-30808,2020-02-13 09:15:00
sql/hive-thriftserver/src/main/scala/org/apache/spark/sql/hive/thriftserver/SparkExecuteStatementOperation.scala,SPARK-30808,2020-02-13 09:15:00
sql/core/src/main/scala/org/apache/spark/sql/execution/datasources/csv/CSVUtils.scala,SPARK-30810,2020-02-13 11:20:00
mllib/src/main/scala/org/apache/spark/mllib/linalg/Matrices.scala,SPARK-30813,2020-02-13 15:03:00
mllib-local/src/main/scala/org/apache/spark/ml/linalg/Matrices.scala,SPARK-30813,2020-02-13 15:03:00
sql/core/src/test/scala/org/apache/spark/sql/connector/V2CommandsCaseSensitivitySuite.scala,SPARK-30814,2020-02-13 18:43:00
sql/core/src/test/scala/org/apache/spark/sql/connector/AlterTableTests.scala,SPARK-30814,2020-02-13 18:43:00
sql/catalyst/src/main/scala/org/apache/spark/sql/catalyst/analysis/CheckAnalysis.scala,SPARK-30814,2020-02-13 18:43:00
resource-managers/kubernetes/integration-tests/dev/dev-run-integration-tests.sh,SPARK-30816,2020-02-13 19:01:00
sql/catalyst/src/test/scala/org/apache/spark/sql/catalyst/parser/PlanParserSuite.scala,SPARK-30822,2020-02-13 20:54:00
sql/catalyst/src/test/scala/org/apache/spark/sql/catalyst/parser/DDLParserSuite.scala,SPARK-30822,2020-02-13 20:54:00
sql/core/src/test/resources/sql-tests/results/grouping_set.sql.out,SPARK-30822,2020-02-13 20:54:00
sql/core/src/test/resources/sql-tests/results/describe-query.sql.out,SPARK-30822,2020-02-13 20:54:00
sql/core/src/main/scala/org/apache/spark/sql/execution/datasources/parquet/ParquetFilters.scala,SPARK-30826,2020-02-14 06:24:00
sql/core/src/test/scala/org/apache/spark/sql/execution/datasources/parquet/ParquetFilterSuite.scala,SPARK-30826,2020-02-14 06:24:00
sql/core/benchmarks/DateTimeBenchmark-jdk11-results.txt,SPARK-30843,2020-02-16 07:58:00
sql/core/benchmarks/DateTimeBenchmark-results.txt,SPARK-30843,2020-02-16 07:58:00
sql/catalyst/src/test/scala/org/apache/spark/sql/catalyst/util/DateTimeTestUtils.scala,SPARK-30843,2020-02-16 07:58:00
sql/catalyst/src/test/scala/org/apache/spark/sql/catalyst/expressions/CanonicalizeSuite.scala,SPARK-30847,2020-02-17 04:25:00
python/docs/Makefile,SPARK-30884,2020-02-20 05:41:00
python/docs/make2.bat,SPARK-30884,2020-02-20 05:41:00
python/README.md,SPARK-30884,2020-02-20 05:41:00
python/setup.py,SPARK-30884,2020-02-20 05:41:00
core/src/main/scala/org/apache/spark/api/python/PythonUtils.scala,SPARK-30884,2020-02-20 05:41:00
bin/pyspark2.cmd,SPARK-30884,2020-02-20 05:41:00
bin/pyspark,SPARK-30884,2020-02-20 05:41:00
sbin/spark-config.sh,SPARK-30884,2020-02-20 05:41:00
sql/core/src/test/resources/sql-tests/results/explain.sql.out,SPARK-30885,2020-02-20 06:43:00
sql/core/src/test/scala/org/apache/spark/sql/connector/TestV2SessionCatalogBase.scala,SPARK-30885,2020-02-20 06:43:00
sql/hive/src/test/scala/org/apache/spark/sql/hive/HiveShowCreateTableSuite.scala,SPARK-30885,2020-02-20 06:43:00
sql/core/src/main/scala/org/apache/spark/sql/execution/datasources/v2/V2SessionCatalog.scala,SPARK-30885,2020-02-20 06:43:00
sql/hive/src/test/scala/org/apache/spark/sql/hive/execution/HiveSQLViewSuite.scala,SPARK-30885,2020-02-20 06:43:00
sql/hive/src/test/scala/org/apache/spark/sql/hive/CachedTableSuite.scala,SPARK-30885,2020-02-20 06:43:00
sql/core/src/test/scala/org/apache/spark/sql/connector/SupportsCatalogOptionsSuite.scala,SPARK-30885,2020-02-20 06:43:00
sql/core/src/test/scala/org/apache/spark/sql/ShowCreateTableSuite.scala,SPARK-30885,2020-02-20 06:43:00
sql/core/src/test/resources/sql-tests/results/show-create-table.sql.out,SPARK-30885,2020-02-20 06:43:00
sql/catalyst/src/main/scala/org/apache/spark/sql/catalyst/plans/logical/statements.scala,SPARK-30902,2020-02-20 15:34:00
sql/catalyst/src/main/scala/org/apache/spark/sql/connector/catalog/CatalogV2Util.scala,SPARK-30902,2020-02-20 15:34:00
sql/core/src/test/scala/org/apache/spark/sql/StatisticsCollectionSuite.scala,SPARK-30903,2020-02-20 16:03:00
sql/hive-thriftserver/v1.2/src/main/java/org/apache/hive/service/cli/ColumnValue.java,SPARK-30904,2020-02-20 18:22:00
sql/hive-thriftserver/v2.3/src/main/java/org/apache/hive/service/cli/ColumnValue.java,SPARK-30904,2020-02-20 18:22:00
sql/hive-thriftserver/src/test/scala/org/apache/spark/sql/hive/thriftserver/SparkThriftServerProtocolVersionsSuite.scala,SPARK-30904,2020-02-20 18:22:00
sql/core/src/main/scala/org/apache/spark/sql/execution/streaming/EventTimeWatermarkExec.scala,SPARK-30925,2020-02-23 09:04:00
sql/core/src/main/scala/org/apache/spark/sql/execution/streaming/Triggers.scala,SPARK-30925,2020-02-23 09:04:00
sql/core/src/test/scala/org/apache/spark/sql/StatisticsCollectionTestBase.scala,SPARK-30925,2020-02-23 09:04:00
sql/catalyst/src/test/scala/org/apache/spark/sql/catalyst/expressions/CastSuite.scala,SPARK-30925,2020-02-23 09:04:00
mllib/src/test/scala/org/apache/spark/ml/feature/StringIndexerSuite.scala,SPARK-30939,2020-02-24 14:36:00
mllib/src/main/scala/org/apache/spark/ml/feature/StringIndexer.scala,SPARK-30939,2020-02-24 14:36:00
sql/catalyst/src/main/scala/org/apache/spark/sql/catalyst/optimizer/NestedColumnAliasing.scala,SPARK-30955,2020-02-26 05:48:00
sql/catalyst/src/test/scala/org/apache/spark/sql/util/DateFormatterSuite.scala,SPARK-30958,2020-02-26 09:45:00
sql/catalyst/src/test/scala/org/apache/spark/sql/util/TimestampFormatterSuite.scala,SPARK-30958,2020-02-26 09:45:00
core/src/main/scala/org/apache/spark/util/Utils.scala,SPARK-30970,2020-02-27 09:34:00
core/src/test/scala/org/apache/spark/util/UtilsSuite.scala,SPARK-30970,2020-02-27 09:34:00
sql/core/src/main/scala/org/apache/spark/sql/execution/OptimizeMetadataOnlyQuery.scala,SPARK-30972,2020-02-27 12:17:00
core/src/main/scala/org/apache/spark/resource/ResourceProfileBuilder.scala,SPARK-30977,2020-02-27 18:49:00
core/src/main/scala/org/apache/spark/resource/ResourceProfile.scala,SPARK-30977,2020-02-27 18:49:00
core/src/test/scala/org/apache/spark/internal/plugin/PluginContainerSuite.scala,SPARK-30987,2020-02-28 16:31:00
core/src/test/scala/org/apache/spark/resource/ResourceDiscoveryPluginSuite.scala,SPARK-30987,2020-02-28 16:31:00
core/src/test/scala/org/apache/spark/DistributedSuite.scala,SPARK-30987,2020-02-28 16:31:00
sql/catalyst/src/main/java/org/apache/spark/sql/catalyst/expressions/UnsafeRow.java,SPARK-30993,2020-02-29 14:11:00
sql/core/src/test/scala/org/apache/spark/sql/UserDefinedTypeSuite.scala,SPARK-30993,2020-02-29 14:11:00
sql/catalyst/src/test/scala/org/apache/spark/sql/catalyst/expressions/codegen/GenerateUnsafeRowJoinerSuite.scala,SPARK-30993,2020-02-29 14:11:00
sql/catalyst/src/test/scala/org/apache/spark/sql/catalyst/analysis/AnalysisErrorSuite.scala,SPARK-30997,2020-03-01 04:29:00
sql/core/src/test/scala/org/apache/spark/sql/GeneratorFunctionSuite.scala,SPARK-30997,2020-03-01 04:29:00
sql/core/src/test/scala/org/apache/spark/sql/internal/CatalogSuite.scala,SPARK-31003,2020-03-02 02:46:00
sql/catalyst/src/test/scala/org/apache/spark/sql/catalyst/expressions/OrderingSuite.scala,SPARK-31003,2020-03-02 02:46:00
sql/hive/src/test/scala/org/apache/spark/sql/hive/test/TestHive.scala,SPARK-31003,2020-03-02 02:46:00
sql/core/src/test/scala/org/apache/spark/sql/sources/BucketedWriteSuite.scala,SPARK-31003,2020-03-02 02:46:00
sql/hive/src/test/scala/org/apache/spark/sql/sources/BucketedWriteWithHiveSupportSuite.scala,SPARK-31003,2020-03-02 02:46:00
sql/hive/src/test/scala/org/apache/spark/sql/sources/BucketedReadWithHiveSupportSuite.scala,SPARK-31003,2020-03-02 02:46:00
common/kvstore/src/main/java/org/apache/spark/util/kvstore/InMemoryStore.java,SPARK-31014,2020-03-03 03:10:00
sql/catalyst/src/main/scala/org/apache/spark/sql/catalyst/analysis/unresolved.scala,SPARK-31015,2020-03-03 03:51:00
core/src/test/scala/org/apache/spark/storage/ShuffleBlockFetcherIteratorSuite.scala,SPARK-31034,2020-03-04 07:17:00
core/src/test/scala/org/apache/spark/scheduler/DAGSchedulerSuite.scala,SPARK-31052,2020-03-05 13:17:00
sql/hive/src/main/scala/org/apache/spark/sql/hive/HiveExternalCatalog.scala,SPARK-31061,2020-03-06 00:49:00
sql/catalyst/src/main/scala/org/apache/spark/sql/catalyst/json/JsonInferSchema.scala,SPARK-31065,2020-03-06 05:45:00
sql/core/src/test/scala/org/apache/spark/sql/JsonFunctionsSuite.scala,SPARK-31065,2020-03-06 05:45:00
sql/hive/src/test/scala/org/apache/spark/sql/hive/client/VersionsSuite.scala,SPARK-31066,2020-03-06 06:33:00
sql/core/src/main/scala/org/apache/spark/sql/execution/exchange/BroadcastExchangeExec.scala,SPARK-31068,2020-03-06 07:30:00
core/src/main/scala/org/apache/spark/MapOutputTracker.scala,SPARK-31082,2020-03-09 02:38:00
sql/core/benchmarks/ExtractBenchmark-jdk11-results.txt,SPARK-31111,2020-03-10 15:55:00
sql/core/src/test/scala/org/apache/spark/sql/execution/benchmark/ExtractBenchmark.scala,SPARK-31111,2020-03-10 15:55:00
sql/core/benchmarks/ExtractBenchmark-results.txt,SPARK-31111,2020-03-10 15:55:00
sql/catalyst/src/test/scala/org/apache/spark/sql/catalyst/parser/TableIdentifierParserSuite.scala,SPARK-31113,2020-03-11 04:03:00
sql/core/src/test/resources/sql-tests/inputs/show-tables.sql,SPARK-31113,2020-03-11 04:03:00
sql/hive/src/test/scala/org/apache/spark/sql/hive/execution/HiveCommandSuite.scala,SPARK-31113,2020-03-11 04:03:00
sql/catalyst/src/main/scala/org/apache/spark/sql/catalyst/catalog/InMemoryCatalog.scala,SPARK-31113,2020-03-11 04:03:00
sql/catalyst/src/main/scala/org/apache/spark/sql/catalyst/catalog/ExternalCatalogWithListener.scala,SPARK-31113,2020-03-11 04:03:00
sql/core/src/test/resources/sql-tests/results/show-tables.sql.out,SPARK-31113,2020-03-11 04:03:00
sql/catalyst/src/main/scala/org/apache/spark/sql/catalyst/plans/logical/v2Commands.scala,SPARK-31113,2020-03-11 04:03:00
docs/_data/menu-sql.yaml,SPARK-31113,2020-03-11 04:03:00
sql/catalyst/src/main/scala/org/apache/spark/sql/catalyst/catalog/ExternalCatalog.scala,SPARK-31113,2020-03-11 04:03:00
docs/sql-ref-syntax.md,SPARK-31113,2020-03-11 04:03:00
docs/sql-ref-syntax-ddl-drop-view.md,SPARK-31113,2020-03-11 04:03:00
docs/sql-ref-syntax-ddl-create-view.md,SPARK-31113,2020-03-11 04:03:00
docs/sql-ref-syntax-ddl-alter-view.md,SPARK-31113,2020-03-11 04:03:00
docs/sql-ref-ansi-compliance.md,SPARK-31113,2020-03-11 04:03:00
core/src/main/resources/org/apache/spark/ui/static/streaming-page.js,SPARK-31128,2020-03-12 01:51:00
sql/core/src/test/scala/org/apache/spark/sql/execution/benchmark/DateTimeBenchmark.scala,SPARK-31129,2020-03-12 06:53:00
sql/catalyst/src/main/scala/org/apache/spark/sql/catalyst/analysis/FunctionRegistry.scala,SPARK-31146,2020-03-13 08:19:00
sql/core/src/test/resources/sql-tests/results/postgreSQL/numeric.sql.out,SPARK-31146,2020-03-13 08:19:00
sql/core/src/test/resources/sql-tests/results/postgreSQL/strings.sql.out,SPARK-31146,2020-03-13 08:19:00
sql/catalyst/src/main/scala/org/apache/spark/sql/catalyst/expressions/xml/xpath.scala,SPARK-31146,2020-03-13 08:19:00
sql/core/src/test/resources/sql-tests/results/typeCoercion/native/implicitTypeCasts.sql.out,SPARK-31146,2020-03-13 08:19:00
sql/core/src/test/resources/sql-tests/results/postgreSQL/insert.sql.out,SPARK-31146,2020-03-13 08:19:00
sql/catalyst/src/main/scala/org/apache/spark/sql/catalyst/expressions/stringExpressions.scala,SPARK-31146,2020-03-13 08:19:00
sql/catalyst/src/main/scala/org/apache/spark/sql/catalyst/expressions/mathExpressions.scala,SPARK-31146,2020-03-13 08:19:00
sql/catalyst/src/main/scala/org/apache/spark/sql/catalyst/expressions/CallMethodViaReflection.scala,SPARK-31146,2020-03-13 08:19:00
sql/catalyst/src/main/scala/org/apache/spark/sql/catalyst/expressions/aggregate/Last.scala,SPARK-31146,2020-03-13 08:19:00
sql/catalyst/src/main/scala/org/apache/spark/sql/catalyst/expressions/aggregate/First.scala,SPARK-31146,2020-03-13 08:19:00
sql/catalyst/src/main/scala/org/apache/spark/sql/catalyst/expressions/Expression.scala,SPARK-31146,2020-03-13 08:19:00
sql/core/src/main/scala/org/apache/spark/sql/execution/DataSourceScanExec.scala,SPARK-31164,2020-03-16 09:35:00
sql/catalyst/src/main/scala/org/apache/spark/sql/catalyst/analysis/TypeCoercion.scala,SPARK-31166,2020-03-16 15:35:00
sql/catalyst/src/main/scala/org/apache/spark/sql/catalyst/expressions/Cast.scala,SPARK-31166,2020-03-16 15:35:00
sql/hive/src/test/scala/org/apache/spark/sql/hive/HiveSharedStateSuite.scala,SPARK-31170,2020-03-17 03:45:00
sql/core/src/main/scala/org/apache/spark/sql/internal/SharedState.scala,SPARK-31170,2020-03-17 03:45:00
sql/hive/src/test/scala/org/apache/spark/sql/hive/HiveSparkSubmitSuite.scala,SPARK-31170,2020-03-17 03:45:00
sql/core/src/main/scala/org/apache/spark/sql/execution/datasources/v2/ShowTablesExec.scala,SPARK-31178,2020-03-18 01:21:00
sql/core/src/main/scala/org/apache/spark/sql/execution/datasources/v2/ShowNamespacesExec.scala,SPARK-31178,2020-03-18 01:21:00
sql/core/src/main/scala/org/apache/spark/sql/execution/datasources/v2/V1FallbackWriters.scala,SPARK-31178,2020-03-18 01:21:00
sql/core/src/main/scala/org/apache/spark/sql/execution/datasources/v2/WriteToDataSourceV2Exec.scala,SPARK-31178,2020-03-18 01:21:00
sql/core/src/main/scala/org/apache/spark/sql/execution/datasources/v2/V2CommandExec.scala,SPARK-31178,2020-03-18 01:21:00
sql/core/src/test/scala/org/apache/spark/sql/connector/InsertIntoTests.scala,SPARK-31178,2020-03-18 01:21:00
common/network-yarn/src/main/java/org/apache/spark/network/yarn/YarnShuffleService.java,SPARK-31219,2020-03-23 03:27:00
sql/hive/src/main/scala/org/apache/spark/sql/hive/DaysWritable.scala,SPARK-31221,2020-03-23 05:27:00
dev/run-pip-tests,SPARK-31231,2020-03-24 07:35:00
core/src/test/scala/org/apache/spark/deploy/SparkSubmitSuite.scala,SPARK-31267,2020-03-26 10:51:00
sql/core/src/test/scala/org/apache/spark/sql/execution/WholeStageCodegenSparkSubmitSuite.scala,SPARK-31267,2020-03-26 10:51:00
sql/core/src/main/scala/org/apache/spark/sql/execution/ui/SparkPlanGraph.scala,SPARK-31271,2020-03-26 13:47:00
sql/core/src/test/scala/org/apache/spark/sql/execution/ui/SQLAppStatusListenerSuite.scala,SPARK-31271,2020-03-26 13:47:00
sql/core/src/test/scala/org/apache/spark/sql/execution/metric/SQLMetricsTestUtils.scala,SPARK-31271,2020-03-26 13:47:00
sql/core/src/main/scala/org/apache/spark/sql/execution/metric/SQLMetrics.scala,SPARK-31271,2020-03-26 13:47:00
sql/core/src/test/scala/org/apache/spark/sql/execution/metric/SQLMetricsSuite.scala,SPARK-31271,2020-03-26 13:47:00
sql/core/src/test/scala/org/apache/spark/sql/streaming/StreamingDeduplicationSuite.scala,SPARK-31278,2020-03-26 19:39:00
external/kafka-0-10-sql/src/test/scala/org/apache/spark/sql/kafka010/KafkaSinkSuite.scala,SPARK-31278,2020-03-26 19:39:00
sql/core/src/main/scala/org/apache/spark/sql/execution/streaming/MicroBatchExecution.scala,SPARK-31278,2020-03-26 19:39:00
sql/core/src/test/scala/org/apache/spark/sql/streaming/StreamingAggregationSuite.scala,SPARK-31278,2020-03-26 19:39:00
external/kinesis-asl/src/main/scala/org/apache/spark/examples/streaming/KinesisWordCountASL.scala,SPARK-31293,2020-03-28 13:47:00
external/kinesis-asl/src/main/python/examples/streaming/kinesis_wordcount_asl.py,SPARK-31293,2020-03-28 13:47:00
sql/hive/src/test/scala/org/apache/spark/sql/hive/execution/SQLQuerySuite.scala,SPARK-31312,2020-03-31 07:42:00
sql/hive/src/main/scala/org/apache/spark/sql/hive/HiveShim.scala,SPARK-31312,2020-03-31 07:42:00
core/src/main/scala/org/apache/spark/storage/DiskBlockManager.scala,SPARK-31314,2020-03-31 09:09:00
core/src/test/scala/org/apache/spark/storage/DiskBlockManagerSuite.scala,SPARK-31314,2020-03-31 09:09:00
dev/create-release/do-release-docker.sh,SPARK-31320,2020-04-01 03:53:00
dev/create-release/release-util.sh,SPARK-31320,2020-04-01 03:53:00
sql/core/src/test/scala/org/apache/spark/sql/SparkSessionBuilderSuite.scala,SPARK-31354,2020-04-05 14:36:00
sql/core/src/main/scala/org/apache/spark/sql/SparkSession.scala,SPARK-31354,2020-04-05 14:36:00
python/pyspark/find_spark_home.py,SPARK-31382,2020-04-08 07:53:00
sql/hive-thriftserver/v2.3/src/main/java/org/apache/hive/service/cli/session/HiveSessionImpl.java,SPARK-31387,2020-04-08 16:33:00
sql/hive-thriftserver/v1.2/src/main/java/org/apache/hive/service/cli/session/HiveSessionImpl.java,SPARK-31387,2020-04-08 16:33:00
sql/hive-thriftserver/src/test/scala/org/apache/spark/sql/hive/thriftserver/ui/HiveThriftServer2ListenerSuite.scala,SPARK-31387,2020-04-08 16:33:00
sql/hive-thriftserver/src/main/scala/org/apache/spark/sql/hive/thriftserver/ui/HiveThriftServer2Listener.scala,SPARK-31387,2020-04-08 16:33:00
core/src/main/scala/org/apache/spark/util/ClosureCleaner.scala,SPARK-31399,2020-04-09 15:01:00
repl/src/test/scala/org/apache/spark/repl/SingletonReplSuite.scala,SPARK-31399,2020-04-09 15:01:00
core/src/main/scala/org/apache/spark/ui/UIUtils.scala,SPARK-31420,2020-04-10 22:57:00
core/src/main/resources/org/apache/spark/ui/static/timeline-view.js,SPARK-31420,2020-04-10 22:57:00
core/src/main/resources/org/apache/spark/ui/static/timeline-view.css,SPARK-31420,2020-04-10 22:57:00
core/src/test/scala/org/apache/spark/ui/UISeleniumSuite.scala,SPARK-31420,2020-04-10 22:57:00
dev/.rat-excludes,SPARK-31420,2020-04-10 22:57:00
core/src/main/scala/org/apache/spark/storage/BlockManagerMaster.scala,SPARK-31422,2020-04-11 06:24:00
sql/catalyst/src/main/scala/org/apache/spark/sql/catalyst/util/RebaseDateTime.scala,SPARK-31423,2020-04-11 23:28:00
sql/catalyst/src/test/scala/org/apache/spark/sql/catalyst/util/RebaseDateTimeSuite.scala,SPARK-31423,2020-04-11 23:28:00
sql/core/src/test/scala/org/apache/spark/sql/execution/datasources/orc/OrcSourceSuite.scala,SPARK-31423,2020-04-11 23:28:00
python/pyspark/sql/pandas/conversion.py,SPARK-31441,2020-04-14 01:48:00
python/pyspark/sql/tests/test_dataframe.py,SPARK-31441,2020-04-14 01:48:00
core/src/test/scala/org/apache/spark/ui/PagedTableSuite.scala,SPARK-31446,2020-04-14 18:17:00
core/src/main/scala/org/apache/spark/ui/PagedTable.scala,SPARK-31446,2020-04-14 18:17:00
sql/core/src/main/scala/org/apache/spark/sql/execution/streaming/memory.scala,SPARK-31450,2020-04-15 08:36:00
sql/core/src/main/scala/org/apache/spark/sql/execution/datasources/DataSourceStrategy.scala,SPARK-31450,2020-04-15 08:36:00
sql/catalyst/src/test/scala/org/apache/spark/sql/catalyst/encoders/ExpressionEncoderSuite.scala,SPARK-31450,2020-04-15 08:36:00
sql/catalyst/src/test/scala/org/apache/spark/sql/catalyst/util/UnsafeArraySuite.scala,SPARK-31450,2020-04-15 08:36:00
sql/catalyst/src/test/scala/org/apache/spark/sql/catalyst/util/ArrayDataIndexedSeqSuite.scala,SPARK-31450,2020-04-15 08:36:00
sql/core/src/main/scala/org/apache/spark/sql/execution/datasources/jdbc/JdbcUtils.scala,SPARK-31450,2020-04-15 08:36:00
sql/core/src/main/scala/org/apache/spark/sql/execution/datasources/v2/DescribeTableExec.scala,SPARK-31450,2020-04-15 08:36:00
sql/core/src/main/scala/org/apache/spark/sql/execution/datasources/v2/ShowCurrentNamespaceExec.scala,SPARK-31450,2020-04-15 08:36:00
sql/core/src/main/scala/org/apache/spark/sql/execution/SparkStrategies.scala,SPARK-31450,2020-04-15 08:36:00
sql/catalyst/src/test/scala/org/apache/spark/sql/catalyst/expressions/ObjectExpressionsSuite.scala,SPARK-31450,2020-04-15 08:36:00
sql/catalyst/src/test/scala/org/apache/spark/sql/catalyst/expressions/HashExpressionsSuite.scala,SPARK-31450,2020-04-15 08:36:00
sql/catalyst/src/test/scala/org/apache/spark/sql/catalyst/encoders/RowEncoderSuite.scala,SPARK-31450,2020-04-15 08:36:00
sql/core/src/main/scala/org/apache/spark/sql/execution/datasources/v2/ShowTablePropertiesExec.scala,SPARK-31450,2020-04-15 08:36:00
sql/core/src/main/scala/org/apache/spark/sql/execution/datasources/v2/DescribeNamespaceExec.scala,SPARK-31450,2020-04-15 08:36:00
sql/core/src/test/scala/org/apache/spark/sql/execution/benchmark/UnsafeArrayDataBenchmark.scala,SPARK-31450,2020-04-15 08:36:00
sql/core/src/main/scala/org/apache/spark/sql/execution/aggregate/udaf.scala,SPARK-31450,2020-04-15 08:36:00
sql/catalyst/src/main/scala/org/apache/spark/sql/Encoder.scala,SPARK-31450,2020-04-15 08:36:00
sql/core/src/main/scala/org/apache/spark/sql/execution/streaming/sources/ForeachBatchSink.scala,SPARK-31450,2020-04-15 08:36:00
sql/core/src/main/scala/org/apache/spark/sql/execution/streaming/sources/ForeachWriterTable.scala,SPARK-31450,2020-04-15 08:36:00
sql/core/src/main/scala/org/apache/spark/sql/internal/CatalogImpl.scala,SPARK-31450,2020-04-15 08:36:00
sql/core/src/test/scala/org/apache/spark/sql/execution/GroupedIteratorSuite.scala,SPARK-31450,2020-04-15 08:36:00
mllib/src/main/scala/org/apache/spark/ml/source/libsvm/LibSVMRelation.scala,SPARK-31450,2020-04-15 08:36:00
mllib/src/main/scala/org/apache/spark/ml/source/image/ImageFileFormat.scala,SPARK-31450,2020-04-15 08:36:00
sql/core/src/main/scala/org/apache/spark/sql/execution/streaming/sources/memory.scala,SPARK-31450,2020-04-15 08:36:00
mllib/src/test/scala/org/apache/spark/mllib/linalg/UDTSerializationBenchmark.scala,SPARK-31450,2020-04-15 08:36:00
sql/catalyst/src/test/scala/org/apache/spark/sql/catalyst/encoders/EncoderResolutionSuite.scala,SPARK-31450,2020-04-15 08:36:00
sql/catalyst/src/test/scala/org/apache/spark/sql/UnsafeProjectionBenchmark.scala,SPARK-31450,2020-04-15 08:36:00
sql/catalyst/src/test/scala/org/apache/spark/sql/HashBenchmark.scala,SPARK-31450,2020-04-15 08:36:00
sql/catalyst/src/main/scala/org/apache/spark/sql/catalyst/expressions/ScalaUDF.scala,SPARK-31450,2020-04-15 08:36:00
sql/core/src/test/scala/org/apache/spark/sql/execution/datasources/binaryfile/BinaryFileFormatSuite.scala,SPARK-31450,2020-04-15 08:36:00
sql/core/src/test/scala/org/apache/spark/sql/streaming/StreamTest.scala,SPARK-31450,2020-04-15 08:36:00
sql/catalyst/src/main/scala/org/apache/spark/sql/catalyst/encoders/ExpressionEncoder.scala,SPARK-31450,2020-04-15 08:36:00
sql/catalyst/src/test/scala/org/apache/spark/sql/catalyst/analysis/TypeCoercionSuite.scala,SPARK-31468,2020-04-17 08:21:00
core/src/main/scala/org/apache/spark/rpc/RpcEndpointRef.scala,SPARK-31472,2020-04-17 14:09:00
core/src/test/scala/org/apache/spark/rpc/RpcEnvSuite.scala,SPARK-31472,2020-04-17 14:09:00
core/src/main/scala/org/apache/spark/util/ThreadUtils.scala,SPARK-31472,2020-04-17 14:09:00
core/src/main/scala/org/apache/spark/rpc/netty/NettyRpcEnv.scala,SPARK-31472,2020-04-17 14:09:00
core/src/main/scala/org/apache/spark/BarrierTaskContext.scala,SPARK-31472,2020-04-17 14:09:00
sql/core/src/main/scala/org/apache/spark/sql/execution/adaptive/AdaptiveSparkPlanExec.scala,SPARK-31473,2020-04-17 17:25:00
sql/core/src/test/scala/org/apache/spark/sql/execution/joins/BroadcastJoinSuite.scala,SPARK-31475,2020-04-17 18:28:00
sql/core/src/main/scala/org/apache/spark/sql/execution/adaptive/QueryStageExec.scala,SPARK-31475,2020-04-17 18:28:00
sql/core/v2.3/src/test/scala/org/apache/spark/sql/execution/datasources/orc/OrcFilterSuite.scala,SPARK-31489,2020-04-19 17:46:00
sql/core/v1.2/src/main/scala/org/apache/spark/sql/execution/datasources/orc/OrcFilters.scala,SPARK-31489,2020-04-19 17:46:00
sql/core/v1.2/src/test/scala/org/apache/spark/sql/execution/datasources/orc/OrcFilterSuite.scala,SPARK-31489,2020-04-19 17:46:00
sql/core/v2.3/src/main/scala/org/apache/spark/sql/execution/datasources/orc/OrcFilters.scala,SPARK-31489,2020-04-19 17:46:00
sql/core/src/main/scala/org/apache/spark/sql/execution/adaptive/AdaptiveSparkPlanHelper.scala,SPARK-31501,2020-04-20 22:01:00
sql/core/src/main/scala/org/apache/spark/sql/execution/CacheManager.scala,SPARK-31501,2020-04-20 22:01:00
sql/core/src/main/scala/org/apache/spark/sql/execution/SparkPlan.scala,SPARK-31504,2020-04-21 06:47:00
sql/core/src/test/scala/org/apache/spark/sql/execution/joins/HashedRelationSuite.scala,SPARK-31511,2020-04-21 19:28:00
sql/core/src/main/scala/org/apache/spark/sql/execution/joins/HashedRelation.scala,SPARK-31511,2020-04-21 19:28:00
sql/catalyst/src/main/scala/org/apache/spark/sql/catalyst/expressions/Canonicalize.scala,SPARK-31515,2020-04-22 03:52:00
sql/core/src/test/resources/sql-tests/inputs/having.sql,SPARK-31519,2020-04-22 09:56:00
sql/core/src/test/resources/sql-tests/results/postgreSQL/window_part3.sql.out,SPARK-31519,2020-04-22 09:56:00
sql/core/src/test/resources/sql-tests/results/having.sql.out,SPARK-31519,2020-04-22 09:56:00
sql/core/src/test/scala/org/apache/spark/sql/DataFrameWindowFunctionsSuite.scala,SPARK-31519,2020-04-22 09:56:00
sql/hive/src/main/scala/org/apache/spark/sql/hive/HiveUtils.scala,SPARK-31522,2020-04-22 15:53:00
core/src/main/scala/org/apache/spark/ui/scope/RDDOperationGraph.scala,SPARK-31534,2020-04-23 16:53:00
core/src/main/scala/org/apache/spark/ui/jobs/AllJobsPage.scala,SPARK-31534,2020-04-23 16:53:00
core/src/main/scala/org/apache/spark/ui/jobs/JobPage.scala,SPARK-31534,2020-04-23 16:53:00
core/src/main/resources/org/apache/spark/ui/static/spark-dag-viz.js,SPARK-31534,2020-04-23 16:53:00
sql/core/src/test/resources/sql-tests/inputs/cte-nested.sql,SPARK-31535,2020-04-23 18:40:00
sql/catalyst/src/main/scala/org/apache/spark/sql/catalyst/analysis/CTESubstitution.scala,SPARK-31535,2020-04-23 18:40:00
sql/core/src/test/resources/sql-tests/results/cte-nested.sql.out,SPARK-31535,2020-04-23 18:40:00
sql/core/src/test/resources/sql-tests/results/cte-nonlegacy.sql.out,SPARK-31535,2020-04-23 18:40:00
sql/core/src/test/resources/sql-tests/results/cte-legacy.sql.out,SPARK-31535,2020-04-23 18:40:00
python/pyspark/tests/test_rdd.py,SPARK-31549,2020-04-24 03:22:00
python/pyspark/rdd.py,SPARK-31549,2020-04-24 03:22:00
core/src/main/scala/org/apache/spark/api/python/PythonRDD.scala,SPARK-31549,2020-04-24 03:22:00
sql/core/src/test/scala/org/apache/spark/sql/api/python/PythonSQLUtilsSuite.scala,SPARK-31550,2020-04-24 05:28:00
sql/gen-sql-config-docs.py,SPARK-31550,2020-04-24 05:28:00
sql/core/src/main/scala/org/apache/spark/sql/api/python/PythonSQLUtils.scala,SPARK-31550,2020-04-24 05:28:00
sql/create-docs.sh,SPARK-31550,2020-04-24 05:28:00
sql/catalyst/src/main/scala/org/apache/spark/sql/catalyst/ScalaReflection.scala,SPARK-31552,2020-04-24 08:51:00
sql/core/src/test/scala/org/apache/spark/sql/ColumnExpressionSuite.scala,SPARK-31553,2020-04-24 11:34:00
resource-managers/yarn/src/main/scala/org/apache/spark/deploy/yarn/ApplicationMaster.scala,SPARK-31559,2020-04-25 01:16:00
sql/catalyst/src/main/scala/org/apache/spark/sql/catalyst/expressions/predicates.scala,SPARK-31563,2020-04-25 09:59:00
sql/core/src/test/scala/org/apache/spark/sql/execution/ui/AllExecutionsPageSuite.scala,SPARK-31564,2020-04-25 11:56:00
sql/hive/src/test/scala/org/apache/spark/sql/hive/orc/HiveOrcSourceSuite.scala,SPARK-31580,2020-04-27 16:12:00
resource-managers/kubernetes/core/src/test/scala/org/apache/spark/deploy/k8s/features/BasicDriverFeatureStepSuite.scala,SPARK-31601,2020-04-29 06:24:00
resource-managers/kubernetes/core/src/main/scala/org/apache/spark/deploy/k8s/features/BasicDriverFeatureStep.scala,SPARK-31601,2020-04-29 06:24:00
sql/core/src/main/scala/org/apache/spark/sql/execution/aggregate/BaseAggregateExec.scala,SPARK-31620,2020-05-01 06:31:00
core/src/main/scala/org/apache/spark/deploy/master/DriverInfo.scala,SPARK-31621,2020-05-01 11:03:00
core/src/test/scala/org/apache/spark/deploy/security/HadoopDelegationTokenManagerSuite.scala,SPARK-31631,2020-05-03 16:04:00
core/src/main/scala/org/apache/spark/status/AppStatusStore.scala,SPARK-31632,2020-05-03 21:50:00
core/src/main/scala/org/apache/spark/BarrierCoordinator.scala,SPARK-31651,2020-05-06 09:34:00
core/src/test/scala/org/apache/spark/scheduler/BarrierTaskContextSuite.scala,SPARK-31651,2020-05-06 09:34:00
mllib/src/test/scala/org/apache/spark/ml/feature/HashingTFSuite.scala,SPARK-31668,2020-05-09 01:50:00
mllib/src/main/scala/org/apache/spark/ml/feature/HashingTF.scala,SPARK-31668,2020-05-09 01:50:00
sql/catalyst/src/test/scala/org/apache/spark/sql/RandomDataGenerator.scala,SPARK-31669,2020-05-09 09:14:00
mllib/src/main/scala/org/apache/spark/ml/feature/QuantileDiscretizer.scala,SPARK-31676,2020-05-11 09:22:00
mllib/src/test/scala/org/apache/spark/ml/feature/QuantileDiscretizerSuite.scala,SPARK-31676,2020-05-11 09:22:00
python/pyspark/ml/tests/test_training_summary.py,SPARK-31681,2020-05-11 22:09:00
sql/core/src/test/scala/org/apache/spark/sql/execution/vectorized/ColumnarBatchSuite.scala,SPARK-31703,2020-05-13 13:04:00
sql/core/src/main/java/org/apache/spark/sql/execution/vectorized/OffHeapColumnVector.java,SPARK-31703,2020-05-13 13:04:00
sql/core/src/main/java/org/apache/spark/sql/execution/vectorized/WritableColumnVector.java,SPARK-31703,2020-05-13 13:04:00
sql/core/src/main/java/org/apache/spark/sql/execution/vectorized/OnHeapColumnVector.java,SPARK-31703,2020-05-13 13:04:00
sql/core/src/main/java/org/apache/spark/sql/execution/datasources/parquet/VectorizedPlainValuesReader.java,SPARK-31703,2020-05-13 13:04:00
sql/core/src/main/scala/org/apache/spark/sql/execution/streaming/StreamExecution.scala,SPARK-31706,2020-05-13 17:19:00
sql/core/src/main/scala/org/apache/spark/sql/execution/streaming/console.scala,SPARK-31706,2020-05-13 17:19:00
external/kafka-0-10-sql/src/main/scala/org/apache/spark/sql/kafka010/KafkaSourceProvider.scala,SPARK-31706,2020-05-13 17:19:00
dev/test-dependencies.sh,SPARK-31713,2020-05-14 21:44:00
sql/hive-thriftserver/src/test/scala/org/apache/spark/sql/hive/thriftserver/SparkSQLEnvSuite.scala,SPARK-31715,2020-05-15 03:44:00
sql/catalyst/src/test/scala/org/apache/spark/sql/catalyst/expressions/ArithmeticExpressionSuite.scala,SPARK-31761,2020-05-19 12:42:00
sql/core/src/test/resources/sql-functions/sql-expression-schema.md,SPARK-31761,2020-05-19 12:42:00
core/src/test/scala/org/apache/spark/util/JsonProtocolSuite.scala,SPARK-31764,2020-05-19 21:11:00
core/src/test/scala/org/apache/spark/scheduler/EventLoggingListenerSuite.scala,SPARK-31764,2020-05-19 21:11:00
core/src/main/scala/org/apache/spark/util/JsonProtocol.scala,SPARK-31764,2020-05-19 21:11:00
resource-managers/kubernetes/integration-tests/pom.xml,SPARK-31786,2020-05-21 15:19:00
resource-managers/kubernetes/core/pom.xml,SPARK-31786,2020-05-21 15:19:00
python/pyspark/context.py,SPARK-31788,2020-05-21 20:08:00
python/pyspark/streaming/context.py,SPARK-31788,2020-05-21 20:08:00
sql/core/src/test/resources/sql-tests/results/udf/udf-group-by.sql.out,SPARK-31808,2020-05-25 03:55:00
sql/core/src/test/resources/sql-tests/results/struct.sql.out,SPARK-31808,2020-05-25 03:55:00
sql/core/src/test/resources/sql-tests/results/group-by.sql.out,SPARK-31808,2020-05-25 03:55:00
sql/catalyst/src/main/scala/org/apache/spark/sql/catalyst/expressions/complexTypeCreator.scala,SPARK-31808,2020-05-25 03:55:00
sql/core/src/main/scala/org/apache/spark/sql/functions.scala,SPARK-31808,2020-05-25 03:55:00
sql/hive-thriftserver/src/test/scala/org/apache/spark/sql/hive/thriftserver/SharedThriftServer.scala,SPARK-31833,2020-05-27 06:55:00
sql/hive-thriftserver/v2.3/src/main/java/org/apache/hive/service/cli/thrift/ThriftBinaryCLIService.java,SPARK-31833,2020-05-27 06:55:00
sql/hive-thriftserver/v1.2/src/main/java/org/apache/hive/service/cli/thrift/ThriftHttpCLIService.java,SPARK-31833,2020-05-27 06:55:00
sql/hive-thriftserver/v1.2/src/main/java/org/apache/hive/service/cli/thrift/ThriftBinaryCLIService.java,SPARK-31833,2020-05-27 06:55:00
sql/hive-thriftserver/v2.3/src/main/java/org/apache/hive/service/cli/thrift/ThriftHttpCLIService.java,SPARK-31833,2020-05-27 06:55:00
sql/core/src/test/scala/org/apache/spark/sql/DatasetSuite.scala,SPARK-31854,2020-05-28 08:39:00
sql/core/src/main/scala/org/apache/spark/sql/execution/objects.scala,SPARK-31854,2020-05-28 08:39:00
sql/hive-thriftserver/v1.2/src/main/java/org/apache/hive/service/cli/operation/Operation.java,SPARK-31859,2020-05-28 18:48:00
sql/hive-thriftserver/src/main/scala/org/apache/spark/sql/hive/thriftserver/server/SparkSQLOperationManager.scala,SPARK-31859,2020-05-28 18:48:00
sql/hive-thriftserver/v2.3/src/main/java/org/apache/hive/service/cli/operation/Operation.java,SPARK-31859,2020-05-28 18:48:00
sql/hive-thriftserver/src/main/scala/org/apache/spark/sql/hive/thriftserver/SparkGetTablesOperation.scala,SPARK-31859,2020-05-28 18:48:00
sql/hive-thriftserver/src/main/scala/org/apache/spark/sql/hive/thriftserver/SparkGetTableTypesOperation.scala,SPARK-31859,2020-05-28 18:48:00
sql/hive-thriftserver/src/main/scala/org/apache/spark/sql/hive/thriftserver/SparkGetSchemasOperation.scala,SPARK-31859,2020-05-28 18:48:00
sql/hive-thriftserver/src/main/scala/org/apache/spark/sql/hive/thriftserver/SparkGetFunctionsOperation.scala,SPARK-31859,2020-05-28 18:48:00
sql/hive-thriftserver/src/main/scala/org/apache/spark/sql/hive/thriftserver/SparkGetColumnsOperation.scala,SPARK-31859,2020-05-28 18:48:00
sql/hive-thriftserver/src/main/scala/org/apache/spark/sql/hive/thriftserver/SparkGetCatalogsOperation.scala,SPARK-31859,2020-05-28 18:48:00
sql/hive-thriftserver/src/main/scala/org/apache/spark/sql/hive/thriftserver/SparkGetTypeInfoOperation.scala,SPARK-31859,2020-05-28 18:48:00
core/src/test/scala/org/apache/spark/ui/RealBrowserUISeleniumSuite.scala,SPARK-31882,2020-06-01 04:12:00
core/src/main/resources/org/apache/spark/ui/static/webui.js,SPARK-31882,2020-06-01 04:12:00
sql/core/src/test/scala/org/apache/spark/sql/execution/datasources/parquet/ParquetTest.scala,SPARK-31885,2020-06-01 10:45:00
python/pyspark/sql/dataframe.py,SPARK-31895,2020-06-03 01:01:00
sql/hive/src/main/scala/org/apache/spark/sql/hive/client/HiveShim.scala,SPARK-31904,2020-06-04 07:27:00
python/pyspark/sql/tests/test_pandas_cogrouped_map.py,SPARK-31915,2020-06-05 17:11:00
sql/core/src/main/scala/org/apache/spark/sql/RelationalGroupedDataset.scala,SPARK-31915,2020-06-05 17:11:00
sql/catalyst/src/test/scala/org/apache/spark/sql/catalyst/util/StringUtilsSuite.scala,SPARK-31916,2020-06-05 17:55:00
sql/catalyst/src/main/scala/org/apache/spark/sql/catalyst/util/StringUtils.scala,SPARK-31916,2020-06-05 17:55:00
R/pkg/tests/fulltests/test_mllib_regression.R,SPARK-31918,2020-06-06 02:58:00
R/pkg/tests/fulltests/test_mllib_classification.R,SPARK-31918,2020-06-06 02:58:00
R/pkg/tests/fulltests/test_context.R,SPARK-31918,2020-06-06 02:58:00
R/pkg/tests/fulltests/test_mllib_clustering.R,SPARK-31918,2020-06-06 02:58:00
core/src/main/scala/org/apache/spark/deploy/master/Master.scala,SPARK-31921,2020-06-06 14:24:00
sql/core/src/main/scala/org/apache/spark/sql/execution/datasources/v2/csv/CSVDataSourceV2.scala,SPARK-31935,2020-06-08 23:16:00
sql/core/src/main/scala/org/apache/spark/sql/execution/datasources/v2/orc/OrcDataSourceV2.scala,SPARK-31935,2020-06-08 23:16:00
sql/core/src/main/scala/org/apache/spark/sql/execution/datasources/v2/FileDataSourceV2.scala,SPARK-31935,2020-06-08 23:16:00
sql/core/src/main/scala/org/apache/spark/sql/execution/datasources/InsertIntoHadoopFsRelationCommand.scala,SPARK-31935,2020-06-08 23:16:00
sql/core/src/main/scala/org/apache/spark/sql/execution/datasources/parquet/ParquetUtils.scala,SPARK-31935,2020-06-08 23:16:00
external/avro/src/main/scala/org/apache/spark/sql/v2/avro/AvroDataSourceV2.scala,SPARK-31935,2020-06-08 23:16:00
sql/core/src/main/scala/org/apache/spark/sql/execution/datasources/v2/parquet/ParquetDataSourceV2.scala,SPARK-31935,2020-06-08 23:16:00
sql/core/src/main/scala/org/apache/spark/sql/execution/datasources/v2/text/TextDataSourceV2.scala,SPARK-31935,2020-06-08 23:16:00
sql/core/src/main/scala/org/apache/spark/sql/execution/datasources/DataSource.scala,SPARK-31935,2020-06-08 23:16:00
sql/hive/src/main/scala/org/apache/spark/sql/hive/orc/OrcFileFormat.scala,SPARK-31935,2020-06-08 23:16:00
sql/core/src/main/scala/org/apache/spark/sql/execution/datasources/orc/OrcUtils.scala,SPARK-31935,2020-06-08 23:16:00
sql/core/src/main/scala/org/apache/spark/sql/execution/datasources/SchemaMergeUtils.scala,SPARK-31935,2020-06-08 23:16:00
sql/core/src/main/scala/org/apache/spark/sql/execution/datasources/v2/json/JsonDataSourceV2.scala,SPARK-31935,2020-06-08 23:16:00
sql/core/src/test/scala/org/apache/spark/sql/execution/UnsafeKVExternalSorterSuite.scala,SPARK-31952,2020-06-10 08:34:00
sql/core/src/main/java/org/apache/spark/sql/execution/UnsafeKVExternalSorter.java,SPARK-31952,2020-06-10 08:34:00
core/src/main/java/org/apache/spark/util/collection/unsafe/sort/UnsafeExternalSorter.java,SPARK-31952,2020-06-10 08:34:00
sql/core/src/test/scala/org/apache/spark/sql/DataFrameSelfJoinSuite.scala,SPARK-31956,2020-06-10 13:51:00
sql/catalyst/src/main/scala/org/apache/spark/sql/catalyst/optimizer/NormalizeFloatingNumbers.scala,SPARK-31958,2020-06-10 15:18:00
python/pyspark/sql/tests/test_udf.py,SPARK-31965,2020-06-11 03:08:00
python/pyspark/sql/udf.py,SPARK-31965,2020-06-11 03:08:00
sql/core/src/main/scala/org/apache/spark/sql/streaming/ui/StreamingQueryPage.scala,SPARK-31983,2020-06-13 14:46:00
resource-managers/kubernetes/docker/src/main/dockerfiles/spark/Dockerfile,SPARK-31994,2020-06-15 10:04:00
core/src/main/scala/org/apache/spark/scheduler/DAGScheduler.scala,SPARK-32003,2020-06-16 15:56:00
sql/core/src/test/scala/org/apache/spark/sql/UnsafeRowSuite.scala,SPARK-32018,2020-06-17 23:59:00
sql/catalyst/src/main/scala/org/apache/spark/sql/catalyst/expressions/aggregate/Sum.scala,SPARK-32018,2020-06-17 23:59:00
core/src/test/scala/org/apache/spark/deploy/history/HistoryServerDiskManagerSuite.scala,SPARK-32024,2020-06-18 13:54:00
core/src/main/scala/org/apache/spark/deploy/history/HistoryServerDiskManager.scala,SPARK-32024,2020-06-18 13:54:00
core/src/main/resources/org/apache/spark/ui/static/historypage.js,SPARK-32028,2020-06-19 04:54:00
core/src/main/resources/org/apache/spark/ui/static/historypage-template.html,SPARK-32028,2020-06-19 04:54:00
sql/hive-thriftserver/v2.3/src/main/java/org/apache/hive/service/cli/session/SessionManager.java,SPARK-32034,2020-06-19 08:45:00
sql/hive-thriftserver/v1.2/src/main/java/org/apache/hive/service/cli/session/SessionManager.java,SPARK-32034,2020-06-19 08:45:00
external/kinesis-asl/src/main/java/org/apache/spark/examples/streaming/JavaKinesisWordCountASL.java,SPARK-32035,2020-06-19 10:13:00
docs/cloud-integration.md,SPARK-32035,2020-06-19 10:13:00
sql/core/src/main/scala/org/apache/spark/sql/execution/aggregate/AggUtils.scala,SPARK-32038,2020-06-19 23:44:00
sql/hive-thriftserver/src/main/scala/org/apache/spark/sql/hive/thriftserver/SparkOperation.scala,SPARK-32057,2020-06-22 21:00:00
sql/hive-thriftserver/src/test/scala/org/apache/spark/sql/hive/thriftserver/SparkExecuteStatementOperationSuite.scala,SPARK-32057,2020-06-22 21:00:00
core/src/main/resources/org/apache/spark/ui/static/utils.js,SPARK-32068,2020-06-23 05:56:00
sql/catalyst/src/main/java/org/apache/spark/sql/connector/read/SupportsReportStatistics.java,SPARK-32095,2020-06-24 19:31:00
sql/catalyst/src/main/scala/org/apache/spark/sql/catalyst/util/HyperLogLogPlusPlusHelper.scala,SPARK-32110,2020-06-26 20:02:00
sql/catalyst/src/test/scala/org/apache/spark/sql/catalyst/expressions/aggregate/HyperLogLogPlusPlusSuite.scala,SPARK-32110,2020-06-26 20:02:00
sql/catalyst/src/test/scala/org/apache/spark/sql/catalyst/expressions/PredicateSuite.scala,SPARK-32110,2020-06-26 20:02:00
sql/catalyst/src/test/scala/org/apache/spark/sql/catalyst/expressions/StringExpressionsSuite.scala,SPARK-32115,2020-06-28 04:28:00
common/unsafe/src/test/java/org/apache/spark/unsafe/types/UTF8StringSuite.java,SPARK-32115,2020-06-28 04:28:00
common/unsafe/src/main/java/org/apache/spark/unsafe/types/UTF8String.java,SPARK-32115,2020-06-28 04:28:00
common/network-shuffle/src/main/java/org/apache/spark/network/shuffle/ExecutorDiskUtils.java,SPARK-32121,2020-06-28 19:27:00
common/network-shuffle/src/test/java/org/apache/spark/network/shuffle/ExternalShuffleBlockResolverSuite.java,SPARK-32121,2020-06-28 19:27:00
core/src/main/scala/org/apache/spark/TaskEndReason.scala,SPARK-32124,2020-06-28 22:46:00
sql/core/src/main/scala/org/apache/spark/sql/execution/streaming/IncrementalExecution.scala,SPARK-32126,2020-06-29 04:34:00
sql/core/benchmarks/JsonBenchmark-jdk11-results.txt,SPARK-32130,2020-06-29 15:53:00
sql/core/benchmarks/JsonBenchmark-results.txt,SPARK-32130,2020-06-29 15:53:00
sql/core/src/test/scala/org/apache/spark/sql/execution/datasources/json/JsonBenchmark.scala,SPARK-32130,2020-06-29 15:53:00
sql/catalyst/src/main/scala/org/apache/spark/sql/catalyst/json/JSONOptions.scala,SPARK-32130,2020-06-29 15:53:00
sql/catalyst/src/test/scala/org/apache/spark/sql/catalyst/analysis/AnalysisSuite.scala,SPARK-32131,2020-06-29 16:45:00
sql/core/src/test/scala/org/apache/spark/sql/streaming/StreamingJoinSuite.scala,SPARK-32148,2020-07-01 12:01:00
sql/core/src/main/scala/org/apache/spark/sql/execution/streaming/StreamingSymmetricHashJoinExec.scala,SPARK-32148,2020-07-01 12:01:00
sql/core/src/main/scala/org/apache/spark/sql/execution/streaming/state/SymmetricHashJoinStateManager.scala,SPARK-32148,2020-07-01 12:01:00
sql/hive/src/test/scala/org/apache/spark/sql/hive/execution/UDAQuerySuite.scala,SPARK-32159,2020-07-02 18:05:00
sql/core/src/main/scala/org/apache/spark/sql/expressions/UserDefinedFunction.scala,SPARK-32159,2020-07-02 18:05:00
python/pyspark/tests/test_context.py,SPARK-32160,2020-07-02 23:24:00
sql/core/src/test/scala/org/apache/spark/sql/execution/ExternalAppendOnlyUnsafeRowArraySuite.scala,SPARK-32160,2020-07-02 23:24:00
sql/core/src/test/scala/org/apache/spark/sql/execution/datasources/SchemaPruningSuite.scala,SPARK-32163,2020-07-03 02:14:00
sql/catalyst/src/test/scala/org/apache/spark/sql/catalyst/expressions/ComplexTypeSuite.scala,SPARK-32167,2020-07-03 08:21:00
sql/catalyst/src/main/scala/org/apache/spark/sql/catalyst/expressions/complexTypeExtractors.scala,SPARK-32167,2020-07-03 08:21:00
sql/core/src/test/scala/org/apache/spark/sql/ComplexTypesSuite.scala,SPARK-32167,2020-07-03 08:21:00
sql/catalyst/src/test/scala/org/apache/spark/sql/catalyst/expressions/SelectedFieldSuite.scala,SPARK-32167,2020-07-03 08:21:00
sql/core/src/main/scala/org/apache/spark/sql/execution/datasources/v2/BatchScanExec.scala,SPARK-32168,2020-07-03 20:45:00
core/src/test/scala/org/apache/spark/executor/ExecutorSuite.scala,SPARK-32175,2020-07-05 20:59:00
core/src/main/scala/org/apache/spark/TestUtils.scala,SPARK-32175,2020-07-05 20:59:00
core/src/main/scala/org/apache/spark/executor/Executor.scala,SPARK-32175,2020-07-05 20:59:00
sql/core/src/main/scala/org/apache/spark/sql/execution/python/EvaluatePython.scala,SPARK-32214,2020-07-07 21:59:00
sql/core/src/test/scala/org/apache/spark/sql/JoinHintSuite.scala,SPARK-32220,2020-07-08 06:12:00
bin/load-spark-env.cmd,SPARK-32227,2020-07-08 09:55:00
mllib/src/main/scala/org/apache/spark/ml/regression/FMRegressor.scala,SPARK-32232,2020-07-08 15:57:00
mllib/src/main/scala/org/apache/spark/ml/regression/GeneralizedLinearRegression.scala,SPARK-32232,2020-07-08 15:57:00
python/pyspark/ml/regression.py,SPARK-32232,2020-07-08 15:57:00
sql/hive/src/test/scala/org/apache/spark/sql/hive/orc/HiveOrcQuerySuite.scala,SPARK-32234,2020-07-08 19:38:00
sql/core/src/main/scala/org/apache/spark/sql/execution/datasources/orc/OrcFileFormat.scala,SPARK-32234,2020-07-08 19:38:00
sql/core/src/main/scala/org/apache/spark/sql/execution/datasources/v2/orc/OrcPartitionReaderFactory.scala,SPARK-32234,2020-07-08 19:38:00
sql/core/src/test/scala/org/apache/spark/sql/UDFSuite.scala,SPARK-32238,2020-07-09 07:19:00
sql/catalyst/src/test/scala/org/apache/spark/sql/catalyst/SQLKeywordSuite.scala,SPARK-32251,2020-07-09 13:51:00
sql/hive/src/test/scala/org/apache/spark/sql/hive/client/HiveClientBuilder.scala,SPARK-32256,2020-07-09 15:50:00
core/src/test/scala/org/apache/spark/serializer/KryoSerializerSuite.scala,SPARK-32283,2020-07-12 11:26:00
core/src/test/scala/org/apache/spark/serializer/KryoBenchmark.scala,SPARK-32283,2020-07-12 11:26:00
sql/core/src/test/scala/org/apache/spark/sql/DatasetSerializerRegistratorSuite.scala,SPARK-32283,2020-07-12 11:26:00
core/src/test/scala/org/apache/spark/serializer/SerializerPropertiesSuite.scala,SPARK-32283,2020-07-12 11:26:00
core/src/test/scala/org/apache/spark/serializer/KryoSerializerBenchmark.scala,SPARK-32283,2020-07-12 11:26:00
core/src/main/scala/org/apache/spark/internal/config/Kryo.scala,SPARK-32283,2020-07-12 11:26:00
core/src/test/scala/org/apache/spark/serializer/KryoSerializerDistributedSuite.scala,SPARK-32283,2020-07-12 11:26:00
sql/core/src/main/scala/org/apache/spark/sql/execution/adaptive/simpleCosting.scala,SPARK-32332,2020-07-16 14:50:00
sql/core/src/main/scala/org/apache/spark/sql/execution/adaptive/CustomShuffleReaderExec.scala,SPARK-32332,2020-07-16 14:50:00
sql/core/src/main/scala/org/apache/spark/sql/execution/adaptive/OptimizeLocalShuffleReader.scala,SPARK-32332,2020-07-16 14:50:00
sql/core/src/main/scala/org/apache/spark/sql/execution/adaptive/OptimizeSkewedJoin.scala,SPARK-32332,2020-07-16 14:50:00
sql/core/src/main/scala/org/apache/spark/sql/execution/exchange/ShuffleExchangeExec.scala,SPARK-32332,2020-07-16 14:50:00
sql/core/src/test/scala/org/apache/spark/sql/SparkSessionExtensionSuite.scala,SPARK-32332,2020-07-16 14:50:00
sql/catalyst/src/main/scala/org/apache/spark/sql/catalyst/optimizer/RewriteDistinctAggregates.scala,SPARK-32344,2020-07-17 07:04:00
sql/core/src/test/resources/sql-tests/results/postgreSQL/window_part1.sql.out,SPARK-32344,2020-07-17 07:04:00
sql/core/src/test/resources/sql-tests/results/postgreSQL/window_part2.sql.out,SPARK-32344,2020-07-17 07:04:00
sql/catalyst/src/main/scala-2.12/org/apache/spark/sql/catalyst/util/CaseInsensitiveMap.scala,SPARK-32364,2020-07-20 05:57:00
sql/core/src/test/scala/org/apache/spark/sql/test/DataFrameReaderWriterSuite.scala,SPARK-32364,2020-07-20 05:57:00
sql/core/src/test/scala/org/apache/spark/sql/jdbc/JDBCSuite.scala,SPARK-32364,2020-07-20 05:57:00
sql/core/src/main/scala/org/apache/spark/sql/DataFrameReader.scala,SPARK-32364,2020-07-20 05:57:00
sql/catalyst/src/main/scala-2.13/org/apache/spark/sql/catalyst/util/CaseInsensitiveMap.scala,SPARK-32364,2020-07-20 05:57:00
sql/catalyst/src/test/scala/org/apache/spark/sql/catalyst/util/CaseInsensitiveMapSuite.scala,SPARK-32377,2020-07-21 00:39:00
sql/core/src/main/scala/org/apache/spark/sql/SparkSessionExtensions.scala,SPARK-32430,2020-07-24 14:51:00
sql/core/src/main/scala/org/apache/spark/sql/internal/SessionState.scala,SPARK-32430,2020-07-24 14:51:00
core/src/main/scala/org/apache/spark/scheduler/SchedulerBackend.scala,SPARK-32518,2020-08-03 05:53:00
core/src/main/scala/org/apache/spark/scheduler/ExecutorResourceInfo.scala,SPARK-32518,2020-08-03 05:53:00
core/src/main/scala/org/apache/spark/scheduler/TaskSchedulerImpl.scala,SPARK-32518,2020-08-03 05:53:00
core/src/main/scala/org/apache/spark/scheduler/BarrierJobAllocationFailed.scala,SPARK-32518,2020-08-03 05:53:00
core/src/test/scala/org/apache/spark/BarrierStageOnSubmittedSuite.scala,SPARK-32518,2020-08-03 05:53:00
core/src/main/scala/org/apache/spark/scheduler/cluster/CoarseGrainedSchedulerBackend.scala,SPARK-32518,2020-08-03 05:53:00
core/src/main/scala/org/apache/spark/internal/config/Tests.scala,SPARK-32518,2020-08-03 05:53:00
core/src/test/scala/org/apache/spark/SparkFunSuite.scala,SPARK-32538,2020-08-05 07:46:00
sql/core/src/test/resources/sql-tests/inputs/cast.sql,SPARK-32559,2020-08-06 09:02:00
sql/core/src/test/resources/sql-tests/results/cast.sql.out,SPARK-32559,2020-08-06 09:02:00
sql/core/src/test/resources/sql-tests/results/datetime.sql.out,SPARK-32559,2020-08-06 09:02:00
sql/core/src/test/resources/sql-tests/inputs/datetime.sql,SPARK-32559,2020-08-06 09:02:00
sql/core/src/test/resources/sql-tests/results/ansi/datetime.sql.out,SPARK-32559,2020-08-06 09:02:00
sql/core/src/test/resources/sql-tests/results/datetime-legacy.sql.out,SPARK-32559,2020-08-06 09:02:00
external/docker-integration-tests/src/test/scala/org/apache/spark/sql/jdbc/PostgresIntegrationSuite.scala,SPARK-32576,2020-08-10 01:50:00
sql/core/src/main/scala/org/apache/spark/sql/jdbc/PostgresDialect.scala,SPARK-32576,2020-08-10 01:50:00
core/src/test/scala/org/apache/spark/storage/BlockManagerSuite.scala,SPARK-32588,2020-08-11 11:59:00
core/src/test/scala/org/apache/spark/storage/MemoryStoreSuite.scala,SPARK-32588,2020-08-11 11:59:00
core/src/test/scala/org/apache/spark/util/SizeEstimatorSuite.scala,SPARK-32588,2020-08-11 11:59:00
sql/catalyst/src/main/scala/org/apache/spark/sql/catalyst/csv/CSVExprUtils.scala,SPARK-32614,2020-08-14 04:42:00
sql/catalyst/src/main/scala/org/apache/spark/sql/catalyst/csv/CSVOptions.scala,SPARK-32614,2020-08-14 04:42:00
sql/core/src/main/scala/org/apache/spark/sql/execution/datasources/csv/CSVDataSource.scala,SPARK-32621,2020-08-15 01:27:00
sql/core/src/main/scala/org/apache/spark/sql/execution/datasources/json/JsonDataSource.scala,SPARK-32621,2020-08-15 01:27:00
sql/catalyst/src/test/scala/org/apache/spark/sql/catalyst/expressions/CodeGenerationSuite.scala,SPARK-32624,2020-08-15 13:33:00
sql/catalyst/src/main/scala/org/apache/spark/sql/catalyst/expressions/codegen/CodeGenerator.scala,SPARK-32624,2020-08-15 13:33:00
sql/catalyst/src/main/scala/org/apache/spark/sql/catalyst/expressions/CodeGeneratorWithInterpretedFallback.scala,SPARK-32625,2020-08-15 13:49:00
sql/catalyst/src/main/scala-2.13/org/apache/spark/sql/catalyst/expressions/AttributeMap.scala,SPARK-32635,2020-08-17 06:34:00
sql/catalyst/src/main/scala-2.12/org/apache/spark/sql/catalyst/expressions/AttributeMap.scala,SPARK-32635,2020-08-17 06:34:00
sql/catalyst/src/test/scala/org/apache/spark/sql/catalyst/optimizer/FoldablePropagationSuite.scala,SPARK-32635,2020-08-17 06:34:00
sql/core/src/test/resources/sql-tests/inputs/except.sql,SPARK-32638,2020-08-17 11:16:00
sql/catalyst/src/main/scala/org/apache/spark/sql/catalyst/plans/logical/AnalysisHelper.scala,SPARK-32638,2020-08-17 11:16:00
sql/core/src/test/resources/sql-tests/results/intersect-all.sql.out,SPARK-32638,2020-08-17 11:16:00
sql/catalyst/src/main/scala/org/apache/spark/sql/catalyst/plans/QueryPlan.scala,SPARK-32638,2020-08-17 11:16:00
sql/core/src/test/resources/sql-tests/inputs/intersect-all.sql,SPARK-32638,2020-08-17 11:16:00
sql/core/src/test/resources/sql-tests/inputs/union.sql,SPARK-32638,2020-08-17 11:16:00
sql/core/src/test/resources/sql-tests/results/union.sql.out,SPARK-32638,2020-08-17 11:16:00
sql/core/src/test/resources/sql-tests/results/except.sql.out,SPARK-32638,2020-08-17 11:16:00
sql/core/src/main/scala/org/apache/spark/sql/execution/datasources/orc/OrcFiltersBase.scala,SPARK-32646,2020-08-18 03:33:00
sql/core/src/main/scala/org/apache/spark/sql/execution/datasources/v2/orc/OrcScan.scala,SPARK-32646,2020-08-18 03:33:00
sql/core/src/main/scala/org/apache/spark/sql/execution/datasources/v2/orc/OrcScanBuilder.scala,SPARK-32646,2020-08-18 03:33:00
sql/core/src/test/scala/org/apache/spark/sql/DatasetOptimizationSuite.scala,SPARK-32652,2020-08-18 15:55:00
sql/catalyst/src/test/scala/org/apache/spark/sql/catalyst/optimizer/ObjectSerializerPruningSuite.scala,SPARK-32652,2020-08-18 15:55:00
sql/catalyst/src/main/scala/org/apache/spark/sql/catalyst/optimizer/objects.scala,SPARK-32652,2020-08-18 15:55:00
core/src/main/scala/org/apache/spark/shuffle/IndexShuffleBlockResolver.scala,SPARK-32658,2020-08-19 06:48:00
core/src/main/java/org/apache/spark/shuffle/sort/io/LocalDiskShuffleMapOutputWriter.java,SPARK-32658,2020-08-19 06:48:00
core/src/main/java/org/apache/spark/shuffle/sort/UnsafeShuffleWriter.java,SPARK-32658,2020-08-19 06:48:00
sql/core/src/main/scala/org/apache/spark/sql/execution/subquery.scala,SPARK-32659,2020-08-19 08:41:00
common/network-shuffle/src/main/java/org/apache/spark/network/shuffle/ExternalBlockStoreClient.java,SPARK-32663,2020-08-20 00:47:00
sql/core/src/test/scala/org/apache/spark/sql/execution/columnar/compression/BooleanBitSetSuite.scala,SPARK-32672,2020-08-20 21:24:00
sql/core/src/main/scala/org/apache/spark/sql/execution/columnar/compression/compressionSchemes.scala,SPARK-32672,2020-08-20 21:24:00
sql/core/src/main/scala/org/apache/spark/sql/execution/datasources/rules.scala,SPARK-32680,2020-08-21 08:47:00
docs/sql-ref-datetime-pattern.md,SPARK-32683,2020-08-21 12:34:00
core/src/main/scala/org/apache/spark/broadcast/TorrentBroadcast.scala,SPARK-32715,2020-08-27 11:58:00
core/src/test/scala/org/apache/spark/rpc/netty/InboxSuite.scala,SPARK-32738,2020-08-30 04:20:00
core/src/main/scala/org/apache/spark/rpc/netty/Inbox.scala,SPARK-32738,2020-08-30 04:20:00
sql/catalyst/src/main/scala/org/apache/spark/sql/types/numerics.scala,SPARK-32764,2020-09-01 10:30:00
sql/catalyst/src/main/scala/org/apache/spark/sql/types/DoubleType.scala,SPARK-32764,2020-09-01 10:30:00
sql/catalyst/src/main/scala/org/apache/spark/sql/types/FloatType.scala,SPARK-32764,2020-09-01 10:30:00
sql/core/src/main/scala/org/apache/spark/sql/expressions/Aggregator.scala,SPARK-32771,2020-09-01 19:25:00
sql/core/src/test/scala/org/apache/spark/sql/execution/streaming/MicroBatchExecutionSuite.scala,SPARK-32794,2020-09-03 22:21:00
sql/core/src/main/scala/org/apache/spark/sql/execution/datasources/v2/FileTable.scala,SPARK-32810,2020-09-07 07:15:00
sql/core/src/test/scala/org/apache/spark/sql/execution/SQLExecutionSuite.scala,SPARK-32813,2020-09-07 16:31:00
sql/catalyst/src/main/scala/org/apache/spark/sql/types/DataType.scala,SPARK-32819,2020-09-08 08:07:00
sql/catalyst/src/test/scala/org/apache/spark/sql/types/DataTypeSuite.scala,SPARK-32819,2020-09-08 08:07:00
sql/core/src/test/resources/sql-tests/results/higher-order-functions.sql.out,SPARK-32819,2020-09-08 08:07:00
sql/core/src/test/resources/sql-tests/inputs/higher-order-functions.sql,SPARK-32819,2020-09-08 08:07:00
sql/core/src/test/resources/sql-tests/results/ansi/higher-order-functions.sql.out,SPARK-32819,2020-09-08 08:07:00
core/src/main/scala/org/apache/spark/deploy/master/ui/MasterPage.scala,SPARK-32823,2020-09-08 14:53:00
core/src/main/scala/org/apache/spark/deploy/StandaloneResourceUtils.scala,SPARK-32823,2020-09-08 14:53:00
docs/sql-ref-syntax-aux-show-table.md,SPARK-32887,2020-09-15 08:18:00
sql/catalyst/src/main/scala/org/apache/spark/sql/catalyst/plans/logical/statsEstimation/SizeInBytesOnlyStatsPlanVisitor.scala,SPARK-33018,2020-09-28 15:35:00
sql/catalyst/src/test/scala/org/apache/spark/sql/catalyst/statsEstimation/StatsEstimationTestBase.scala,SPARK-33018,2020-09-28 15:35:00
sql/catalyst/src/test/scala/org/apache/spark/sql/catalyst/statsEstimation/JoinEstimationSuite.scala,SPARK-33018,2020-09-28 15:35:00
core/src/main/scala/org/apache/spark/deploy/SparkHadoopUtil.scala,SPARK-33019,2020-09-28 18:40:00
core/src/test/resources/HistoryServerExpectations/executor_node_blacklisting_expectation.json,SPARK-33029,2020-09-29 18:51:00
core/src/test/resources/HistoryServerExpectations/executor_memory_usage_expectation.json,SPARK-33029,2020-09-29 18:51:00
mllib/src/main/scala/org/apache/spark/mllib/linalg/distributed/RowMatrix.scala,SPARK-33043,2020-10-01 00:31:00
mllib/src/test/scala/org/apache/spark/mllib/linalg/distributed/RowMatrixSuite.scala,SPARK-33043,2020-10-01 00:31:00
sql/core/src/test/scala/org/apache/spark/sql/execution/SparkSqlParserSuite.scala,SPARK-33118,2020-10-12 08:50:00
sql/core/src/main/scala/org/apache/spark/sql/execution/SparkSqlParser.scala,SPARK-33118,2020-10-12 08:50:00
sql/core/src/test/scala/org/apache/spark/sql/execution/SortSuite.scala,SPARK-33260,2020-10-27 11:00:00
sql/catalyst/src/main/scala/org/apache/spark/sql/catalyst/expressions/codegen/GenerateOrdering.scala,SPARK-33260,2020-10-27 11:00:00
sql/catalyst/src/main/scala/org/apache/spark/sql/sources/filters.scala,SPARK-33267,2020-10-28 12:14:00
sql/core/src/test/scala/org/apache/spark/sql/connector/DataSourceV2Suite.scala,SPARK-33267,2020-10-28 12:14:00
core/src/main/resources/org/apache/spark/ui/static/sorttable.js,SPARK-33284,2020-10-29 08:14:00
R/pkg/tests/run-all.R,SPARK-33313,2020-11-01 21:07:00
python/pyspark/worker.py,SPARK-33339,2020-11-04 09:39:00
sql/catalyst/src/test/scala/org/apache/spark/sql/catalyst/analysis/DataSourceV2AnalysisSuite.scala,SPARK-33362,2020-11-05 14:56:00
docs/css/main.css,SPARK-33422,2020-11-11 11:05:00
sql/core/src/main/scala/org/apache/spark/sql/execution/datasources/v2/FileScan.scala,SPARK-33482,2020-11-19 02:58:00
resource-managers/mesos/src/main/scala/org/apache/spark/scheduler/cluster/mesos/MesosCoarseGrainedSchedulerBackend.scala,SPARK-33557,2020-11-25 11:12:00
core/src/main/scala/org/apache/spark/HeartbeatReceiver.scala,SPARK-33557,2020-11-25 11:12:00
repl/src/test/scala/org/apache/spark/repl/ExecutorClassLoaderSuite.scala,SPARK-33557,2020-11-25 11:12:00
core/src/main/scala/org/apache/spark/ui/JettyUtils.scala,SPARK-33611,2020-11-30 14:57:00
core/src/test/scala/org/apache/spark/ui/UISuite.scala,SPARK-33611,2020-11-30 14:57:00
core/src/test/java/org/apache/spark/unsafe/map/AbstractBytesToBytesMapSuite.java,SPARK-33756,2020-12-11 09:49:00
external/docker-integration-tests/src/test/scala/org/apache/spark/sql/jdbc/MsSqlServerIntegrationSuite.scala,SPARK-33813,2020-12-16 17:40:00
sql/core/src/main/scala/org/apache/spark/sql/jdbc/MsSqlServerDialect.scala,SPARK-33813,2020-12-16 17:40:00
sql/core/src/main/scala/org/apache/spark/sql/execution/debug/package.scala,SPARK-33853,2020-12-19 21:35:00
sql/core/src/test/scala/org/apache/spark/sql/BenchmarkQueryTest.scala,SPARK-33853,2020-12-19 21:35:00
docs/monitoring.md,SPARK-33942,2020-12-30 10:46:00
project/MimaExcludes.scala,SPARK-34103,2021-01-13 22:31:00
sql/core/src/main/scala/org/apache/spark/sql/execution/analysis/DetectAmbiguousSelfJoin.scala,SPARK-34200,2021-01-22 05:16:00
external/docker-integration-tests/pom.xml,SPARK-34201,2021-01-22 08:58:00
external/docker-integration-tests/src/test/scala/org/apache/spark/sql/jdbc/DockerJDBCIntegrationSuite.scala,SPARK-34201,2021-01-22 08:58:00
external/docker-integration-tests/src/test/scala/org/apache/spark/sql/jdbc/OracleIntegrationSuite.scala,SPARK-34201,2021-01-22 08:58:00
python/pyspark/sql/tests/test_pandas_map.py,SPARK-34319,2021-02-02 02:53:00
sql/core/src/test/scala/org/apache/spark/sql/internal/SQLConfSuite.scala,SPARK-34392,2021-02-07 08:31:00
common/network-shuffle/src/test/java/org/apache/spark/network/shuffle/OneForOneBlockFetcherSuite.java,SPARK-34534,2021-02-25 03:04:00
common/network-shuffle/src/main/java/org/apache/spark/network/shuffle/OneForOneBlockFetcher.java,SPARK-34534,2021-02-25 03:04:00
sql/core/src/main/scala/org/apache/spark/sql/execution/python/BatchEvalPythonExec.scala,SPARK-34545,2021-02-25 17:29:00
core/src/main/scala/org/apache/spark/api/python/SerDeUtil.scala,SPARK-34545,2021-02-25 17:29:00
mllib/src/main/scala/org/apache/spark/mllib/api/python/PythonMLLibAPI.scala,SPARK-34545,2021-02-25 17:29:00
sql/catalyst/src/test/scala/org/apache/spark/sql/catalyst/plans/PlanTest.scala,SPARK-34696,2021-03-10 17:42:00
sql/catalyst/src/main/scala/org/apache/spark/sql/catalyst/analysis/view.scala,SPARK-34719,2021-03-11 14:57:00
core/src/test/scala/org/apache/spark/executor/ProcfsMetricsGetterSuite.scala,SPARK-34845,2021-03-23 21:43:00
core/src/main/scala/org/apache/spark/executor/ProcfsMetricsGetter.scala,SPARK-34845,2021-03-23 21:43:00
sql/catalyst/src/main/scala/org/apache/spark/sql/catalyst/planning/patterns.scala,SPARK-35014,2021-04-09 19:37:00
sql/catalyst/src/test/scala/org/apache/spark/sql/catalyst/expressions/SchemaPruningSuite.scala,SPARK-35096,2021-04-15 17:47:00
sql/catalyst/src/main/scala/org/apache/spark/sql/catalyst/expressions/SchemaPruning.scala,SPARK-35096,2021-04-15 17:47:00
python/pyspark/ml/tests/test_algorithms.py,SPARK-35142,2021-04-20 01:29:00
core/src/main/scala/org/apache/spark/executor/CoarseGrainedExecutorBackend.scala,SPARK-36532,2021-08-17 06:24:00
sql/catalyst/src/main/scala/org/apache/spark/sql/catalyst/expressions/collectionOperations.scala,SPARK-36789,2021-09-17 06:16:00
